Year,continent ,order,country,Code,Total,Other South,Other North
1990,Africa,1990024,Burundi,108,"3,33,110","50,676","8,943"
1990,Africa,1990025,Comoros,174,"14,079",847,672
1990,Africa,1990026,Djibouti,262,"1,22,221","5,484","1,827"
1990,Africa,1990027,Eritrea,232,"11,848",737,345
1990,Africa,1990028,Ethiopia,231,"11,55,390","22,075","7,358"
1990,Africa,1990029,Kenya,404,"2,98,089","65,948","35,411"
1990,Africa,1990030,Madagascar,450,"23,917","2,851","3,563"
1990,Africa,1990031,Malawi,454,"11,27,724","19,158","11,744"
1990,Africa,1990032,Mauritius,480,"3,613",292,75
1990,Africa,1990033,Mayotte,175,"15,229","1,354","1,142"
1990,Africa,1990034,Mozambique,508,"1,22,332","2,148","6,443"
1990,Africa,1990035,Réunion,638,"57,210","6,776","6,330"
1990,Africa,1990036,Rwanda,646,"1,60,024","19,265",954
1990,Africa,1990037,Seychelles,690,"3,721",493,281
1990,Africa,1990038,Somalia,706,"4,78,294","12,196","6,098"
1990,Africa,1990039,South Sudan,728,..,..,
1990,Africa,1990040,Uganda,800,"5,44,273","19,697",359
1990,Africa,1990041,United Republic of Tanzania,834,"5,74,025","2,845","1,577"
1990,Africa,1990042,Zambia,894,"2,79,463","6,228","2,905"
1990,Africa,1990043,Zimbabwe,716,"6,34,621","20,017","9,658"
1990,Africa,1990045,Angola,24,"33,517","2,953","2,805"
1990,Africa,1990046,Cameroon,120,"2,65,967","40,119","13,373"
1990,Africa,1990047,Central African Republic,140,"67,234","7,445","2,482"
1990,Africa,1990048,Chad,148,"74,342","4,986",245
1990,Africa,1990049,Congo,178,"1,29,391","5,934","1,978"
1990,Africa,1990050,Democratic Republic of the Congo,180,"7,54,194","60,792","30,396"
1990,Africa,1990051,Equatorial Guinea,226,"2,740",365,161
1990,Africa,1990052,Gabon,266,"1,28,188","2,721",643
1990,Africa,1990053,Sao Tome and Principe,678,"5,582",74,25
1990,Africa,1990055,Botswana,72,"27,510","1,150",531
1990,Africa,1990056,Eswatini,748,"74,991","5,693","1,478"
1990,Africa,1990057,Lesotho,426,"8,240","1,092","2,679"
1990,Africa,1990058,Namibia,516,"1,20,641","2,568",669
1990,Africa,1990059,South Africa,710,"11,63,883","86,678","19,342"
1990,Africa,1990061,Benin,204,"76,751","7,171",542
1990,Africa,1990062,Burkina Faso,854,"3,49,652","16,390","6,383"
1990,Africa,1990063,Cabo Verde,132,"8,931",787,"1,000"
1990,Africa,1990064,Côte d'Ivoire,384,"18,16,426","12,155","9,313"
1990,Africa,1990065,Gambia,270,"1,18,123","2,293","1,147"
1990,Africa,1990066,Ghana,288,"1,64,851","6,779","4,357"
1990,Africa,1990067,Guinea,324,"4,03,621",909,"2,726"
1990,Africa,1990068,Guinea-Bissau,624,"15,368",262,380
1990,Africa,1990069,Liberia,430,"94,964","14,804","5,561"
1990,Africa,1990070,Mali,466,"1,60,736","16,035","1,782"
1990,Africa,1990071,Mauritania,478,"1,11,650","1,371",52
1990,Africa,1990072,Niger,562,"1,15,464","7,620","2,539"
1990,Africa,1990073,Nigeria,566,"4,56,621","1,42,800","14,265"
1990,Africa,1990074,Saint Helena,654,178,10,9
1990,Africa,1990075,Senegal,686,"2,70,410","23,993","11,997"
1990,Africa,1990076,Sierra Leone,694,"2,22,148",386,664
1990,Africa,1990077,Togo,768,"84,844","9,000","1,793"
1990,Africa,1990080,Algeria,12,"2,73,954","11,498","3,833"
1990,Africa,1990081,Egypt,818,"1,73,833","7,163","2,346"
1990,Africa,1990082,Libya,434,"4,57,075",,
1990,Africa,1990083,Morocco,504,"54,895","7,760","3,162"
1990,Africa,1990084,Sudan,729,"14,02,896","33,284",
1990,Africa,1990085,Tunisia,788,"37,984","3,707","2,252"
1990,Africa,1990086,Western Sahara,732,"2,688",65,43
1990,Asia,1990088,Armenia,51,"6,58,789","52,293","41,834"
1990,Asia,1990089,Azerbaijan,31,"3,60,600","2,348","1,174"
1990,Asia,1990090,Bahrain,48,"1,73,212","1,979",532
1990,Asia,1990091,Cyprus,196,"43,805",93,280
1990,Asia,1990092,Georgia,268,"3,04,470","11,464","3,822"
1990,Asia,1990093,Iraq,368,"83,638","19,446",494
1990,Asia,1990094,Israel,376,"16,32,704","16,296","1,26,758"
1990,Asia,1990095,Jordan,400,"11,46,349","1,512",503
1990,Asia,1990096,Kuwait,414,"10,74,391","19,716","6,571"
1990,Asia,1990097,Lebanon,422,"5,23,693","2,707",870
1990,Asia,1990098,Oman,512,"3,04,000","3,379","1,269"
1990,Asia,1990099,Qatar,634,"3,09,753","3,538",950
1990,Asia,1990100,Saudi Arabia,682,"49,98,445","1,38,673","29,093"
1990,Asia,1990101,State of Palestine,275,"2,88,332","20,734","1,813"
1990,Asia,1990102,Syrian Arab Republic,760,"7,14,140","4,53,300","12,108"
1990,Asia,1990103,Turkey,792,"11,63,686","1,83,532",450
1990,Asia,1990104,United Arab Emirates,784,"13,06,574","14,989","4,029"
1990,Asia,1990105,Yemen,887,"1,18,863","26,690","1,922"
1990,Asia,1990108,Kazakhstan,398,"36,19,200","2,02,797","2,24,143"
1990,Asia,1990109,Kyrgyzstan,417,"6,23,083","6,818","7,545"
1990,Asia,1990110,Tajikistan,762,"4,28,900",309,355
1990,Asia,1990111,Turkmenistan,795,"3,06,500","1,262",542
1990,Asia,1990112,Uzbekistan,860,"16,53,000","43,369","32,198"
1990,Asia,1990114,Afghanistan,4,"57,686","4,677","2,338"
1990,Asia,1990115,Bangladesh,50,"8,81,617","42,072","97,997"
1990,Asia,1990116,Bhutan,64,"23,807",456,"1,369"
1990,Asia,1990117,India,356,"75,94,801","1,93,458","38,691"
1990,Asia,1990118,Iran (Islamic Republic of),364,"42,91,601",828,276
1990,Asia,1990119,Maldives,462,"8,689",82,172
1990,Asia,1990120,Nepal,524,"4,29,974","17,551","1,393"
1990,Asia,1990121,Pakistan,586,"62,08,204","3,325","1,080"
1990,Asia,1990122,Sri Lanka,144,"41,561","1,035",591
1990,Asia,1990125,China,156,"3,76,361","62,366","15,595"
1990,Asia,1990126,"China, Hong Kong SAR",344,"22,18,473","1,89,176","29,032"
1990,Asia,1990127,"China, Macao SAR",446,"2,05,047","3,415","10,247"
1990,Asia,1990128,Dem. People's Republic of Korea,408,"34,103","2,473",618
1990,Asia,1990129,Japan,392,"10,75,317","8,616","1,316"
1990,Asia,1990130,Mongolia,496,"6,718",506,169
1990,Asia,1990131,Republic of Korea,410,"43,247","1,563",533
1990,Asia,1990133,Brunei Darussalam,96,"73,200",600,200
1990,Asia,1990134,Cambodia,116,"38,375","3,962","1,731"
1990,Asia,1990135,Indonesia,360,"4,65,612","31,731","58,930"
1990,Asia,1990136,Lao People's Democratic Republic,418,"22,866",484,308
1990,Asia,1990137,Malaysia,458,"6,95,920","53,583","33,033"
1990,Asia,1990138,Myanmar,104,"1,33,545","8,835","4,663"
1990,Asia,1990139,Philippines,608,"1,54,071","13,018","12,587"
1990,Asia,1990140,Singapore,702,"7,27,262","1,32,943","1,48,625"
1990,Asia,1990141,Thailand,764,"5,28,693",17,5
1990,Asia,1990142,Timor-Leste,626,"8,954",948,114
1990,Asia,1990143,Viet Nam,704,"28,118",434,286
1990,Caribbean,1990146,Anguilla,660,"2,570",581,87
1990,Caribbean,1990147,Antigua and Barbuda,28,"12,029",743,82
1990,Caribbean,1990148,Aruba,533,"14,444","1,673","1,672"
1990,Caribbean,1990149,Bahamas,44,"26,855",962,574
1990,Caribbean,1990150,Barbados,52,"24,024","2,997","2,575"
1990,Caribbean,1990151,British Virgin Islands,92,"8,035",182,337
1990,Caribbean,1990152,"Bonaire, Sint Eustatius and Saba",535,"38,410",404,73
1990,Caribbean,1990153,Cayman Islands,136,"9,315",21,50
1990,Caribbean,1990154,Cuba,192,"34,555","3,726","1,242"
1990,Caribbean,1990155,Curaçao,531,,,
1990,Caribbean,1990156,Dominica,212,"2,519",389,75
1990,Caribbean,1990157,Dominican Republic,214,"2,91,151",300,902
1990,Caribbean,1990158,Grenada,308,"4,263",416,"1,054"
1990,Caribbean,1990159,Guadeloupe,312,"65,944","3,061",935
1990,Caribbean,1990160,Haiti,332,"19,084",951,408
1990,Caribbean,1990161,Jamaica,388,"20,475","2,130",219
1990,Caribbean,1990162,Martinique,474,"38,705","1,029",643
1990,Caribbean,1990163,Montserrat,500,"2,013",325,36
1990,Caribbean,1990164,Puerto Rico,630,"3,21,909","2,883","6,111"
1990,Caribbean,1990165,Saint Kitts and Nevis,659,"3,210","1,138",551
1990,Caribbean,1990166,Saint Lucia,662,"5,305","1,100",588
1990,Caribbean,1990167,Saint Vincent and the Grenadines,670,"3,970",211,41
1990,Caribbean,1990168,Sint Maarten (Dutch part),534,..,..,..
1990,Caribbean,1990169,Trinidad and Tobago,780,"50,666","3,016","1,005"
1990,Caribbean,1990170,Turks and Caicos Islands,796,"5,062",233,348
1990,Caribbean,1990171,United States Virgin Islands,850,"51,970","4,427","3,531"
1990, America,1990173,Belize,84,"30,404",888,202
1990, America,1990174,Costa Rica,188,"4,17,628","2,07,798",530
1990, America,1990175,El Salvador,222,"47,360",183,61
1990, America,1990176,Guatemala,320,"2,64,257",60,28
1990, America,1990177,Honduras,340,"2,70,423",87,57
1990, America,1990178,Mexico,484,"6,95,674","1,425",495
1990, America,1990179,Nicaragua,558,"41,421",920,389
1990, America,1990180,Panama,591,"62,744",201,58
1990, America,1990182,Argentina,32,"16,49,919","59,169","25,358"
1990, America,1990183,Bolivia (Plurinational State of),68,"73,758",261,791
1990, America,1990184,Brazil,76,"7,98,517","21,752","6,442"
1990, America,1990185,Chile,152,"1,07,501",,
1990, America,1990186,Colombia,170,"1,04,277",208,621
1990, America,1990187,Ecuador,218,"78,663",170,57
1990, America,1990188,Falkland Islands (Malvinas),238,855,11,20
1990, America,1990189,French Guiana,254,"63,612","2,477",777
1990, America,1990190,Guyana,328,"4,095",296,125
1990, America,1990191,Paraguay,600,"1,95,884","5,461",989
1990, America,1990192,Peru,604,"56,688",329,583
1990, America,1990193,Suriname,740,"18,083","5,268","2,234"
1990, America,1990194,Uruguay,858,"98,116","4,244","2,006"
1990, America,1990195,Venezuela (Bolivarian Republic of),862,"10,25,009",256,27
1990,Australia / New Zealand,1990198,Australia,36,"39,55,213","6,240",655
1990,Australia / New Zealand,1990199,New Zealand,554,"5,18,047","13,630","4,768"
1990,Melanesia,1990201,Fiji,242,"13,283","1,434",194
1990,Melanesia,1990202,New Caledonia,540,"37,673","1,064","1,242"
1990,Melanesia,1990203,Papua New Guinea,598,"33,710","1,414",249
1990,Melanesia,1990204,Solomon Islands,90,"4,226",219,82
1990,Melanesia,1990205,Vanuatu,548,"2,308",619,124
1990,Micronesia,1990207,Guam,316,"69,755","1,446","1,189"
1990,Micronesia,1990208,Kiribati,296,"2,162",188,283
1990,Micronesia,1990209,Marshall Islands,584,"1,158",104,32
1990,Micronesia,1990210,Micronesia (Fed. States of),583,"3,685","1,899",544
1990,Micronesia,1990211,Nauru,520,"2,815",166,51
1990,Micronesia,1990212,Northern Mariana Islands,580,"26,593",934,161
1990,Micronesia,1990213,Palau,585,"2,801",100,6
1990,Polynesia,1990215,American Samoa,16,"21,283",598,199
1990,Polynesia,1990216,Cook Islands,184,"2,587",49,27
1990,Polynesia,1990217,French Polynesia,258,"25,830","2,929",485
1990,Polynesia,1990218,Niue,570,461,16,41
1990,Polynesia,1990219,Samoa,882,"3,357",177,56
1990,Polynesia,1990220,Tokelau,772,270,21,4
1990,Polynesia,1990221,Tonga,776,"2,911",962,"1,129"
1990,Polynesia,1990222,Tuvalu,798,318,34,38
1990,Polynesia,1990223,Wallis and Futuna Islands,876,"1,402",7,20
1990,Europe,1990227,Belarus,112,"12,48,977",78,117
1990,Europe,1990228,Bulgaria,100,"21,510",604,"1,829"
1990,Europe,1990229,Czechia,203,"1,10,394",,
1990,Europe,1990230,Hungary,348,"3,47,510","1,692","9,119"
1990,Europe,1990231,Poland,616,"11,27,771","40,795","13,426"
1990,Europe,1990232,Republic of Moldova,498,"5,44,162","1,810","15,324"
1990,Europe,1990233,Romania,642,"1,35,825","2,304","2,909"
1990,Europe,1990234,Russian Federation,643,"1,15,24,948","7,222","1,428"
1990,Europe,1990235,Slovakia,703,"41,295",100,12
1990,Europe,1990236,Ukraine,804,"68,92,920","1,81,039","2,30,443"
1990,Europe,1990238,Channel Islands,830,"61,660",357,904
1990,Europe,1990239,Denmark,208,"2,35,189",,
1990,Europe,1990240,Estonia,233,"3,81,997",107,535
1990,Europe,1990241,Faroe Islands,234,"4,285",104,41
1990,Europe,1990242,Finland,246,"63,255",532,"1,595"
1990,Europe,1990243,Iceland,352,"9,584",,
1990,Europe,1990244,Ireland,372,"2,27,961",,
1990,Europe,1990245,Isle of Man,833,"34,769",554,"1,075"
1990,Europe,1990246,Latvia,428,"6,46,007",,
1990,Europe,1990247,Lithuania,440,"3,49,258","3,598","9,714"
1990,Europe,1990248,Norway,578,"1,92,587","5,524",333
1990,Europe,1990249,Sweden,752,"7,88,767",250,"68,302"
1990,Europe,1990250,United Kingdom,826,"36,50,286","2,277","6,364"
1990,Europe,1990252,Albania,8,"66,013","1,441","5,869"
1990,Europe,1990253,Andorra,20,"38,891",189,565
1990,Europe,1990254,Bosnia and Herzegovina,70,"56,000",727,731
1990,Europe,1990255,Croatia,191,"4,75,438","25,954","77,858"
1990,Europe,1990256,Gibraltar,292,"8,709",347,924
1990,Europe,1990257,Greece,300,"6,18,139",,
1990,Europe,1990258,Holy See,336,768,362,406
1990,Europe,1990259,Italy,380,"14,28,219",0,2
1990,Europe,1990260,Malta,470,"15,077",98,0
1990,Europe,1990261,Montenegro,499,,,
1990,Europe,1990262,North Macedonia,807,"95,142",912,613
1990,Europe,1990263,Portugal,620,"4,35,782","3,103","1,142"
1990,Europe,1990264,San Marino,674,"3,310",60,47
1990,Europe,1990265,Serbia,688,"99,269",68,12
1990,Europe,1990266,Slovenia,705,"1,78,077",916,"2,747"
1990,Europe,1990267,Spain,724,"8,21,605","3,416",616
1990,Europe,1990269,Austria,40,"7,93,239",,
1990,Europe,1990270,Belgium,56,"12,80,583","10,495","15,425"
1990,Europe,1990271,France,250,"58,97,267",,
1990,Europe,1990272,Germany,276,"59,36,181","74,364","2,60,273"
1990,Europe,1990273,Liechtenstein,438,"10,906",11,18
1990,Europe,1990274,Luxembourg,442,"1,13,795",336,20
1990,Europe,1990275,Monaco,492,"20,359","2,735","6,059"
1990,Europe,1990276,Netherlands,528,"11,82,263","1,925",102
1990,Europe,1990277,Switzerland,756,"13,92,282","56,558","1,34,578"
1990,AMERICA,1990279,Bermuda,60,"15,683",624,29
1990,AMERICA,1990280,Canada,124,"43,33,318","2,205","3,308"
1990,AMERICA,1990281,Greenland,304,"9,282",24,36
1990,AMERICA,1990282,Saint Pierre and Miquelon,666,"1,099",154,
1990,AMERICA,1990283,United States of America,840,"2,32,51,026","29,20,646","1,95,590"
1995,Africa,1995024,Burundi,108,"2,54,853","33,396","7,340"
1995,Africa,1995025,Comoros,174,"13,939",839,665
1995,Africa,1995026,Djibouti,262,"99,774","4,478","1,492"
1995,Africa,1995027,Eritrea,232,"12,400",935,435
1995,Africa,1995028,Ethiopia,231,"8,06,904","31,136","10,378"
1995,Africa,1995029,Kenya,404,"6,18,745","69,611","37,372"
1995,Africa,1995030,Madagascar,450,"21,177","2,523","3,155"
1995,Africa,1995031,Malawi,454,"2,41,624","39,468","13,149"
1995,Africa,1995032,Mauritius,480,"7,493",411,146
1995,Africa,1995033,Mayotte,175,"26,316",703,607
1995,Africa,1995034,Mozambique,508,"1,68,256","2,952","8,853"
1995,Africa,1995035,Réunion,638,"77,159","6,979","5,198"
1995,Africa,1995036,Rwanda,646,"2,15,735","13,004","1,454"
1995,Africa,1995037,Seychelles,690,"5,148",396,238
1995,Africa,1995038,Somalia,706,"19,527",988,495
1995,Africa,1995039,South Sudan,728,..,..,
1995,Africa,1995040,Uganda,800,"6,06,987","18,425",340
1995,Africa,1995041,United Republic of Tanzania,834,"11,06,043","3,574","2,178"
1995,Africa,1995042,Zambia,894,"2,44,338","9,277","2,599"
1995,Africa,1995043,Zimbabwe,716,"4,31,226","29,659","8,116"
1995,Africa,1995045,Angola,24,"39,813","3,427","3,260"
1995,Africa,1995046,Cameroon,120,"2,44,791","35,335","11,778"
1995,Africa,1995047,Central African Republic,140,"99,712","17,851","5,951"
1995,Africa,1995048,Chad,148,"89,584","5,416",266
1995,Africa,1995049,Congo,178,"1,91,635","4,541","1,513"
1995,Africa,1995050,Democratic Republic of the Congo,180,"18,16,963","67,362","33,681"
1995,Africa,1995051,Equatorial Guinea,226,"3,629",482,213
1995,Africa,1995052,Gabon,266,"1,71,427","3,638",859
1995,Africa,1995053,Sao Tome and Principe,678,"4,936",68,22
1995,Africa,1995055,Botswana,72,"40,168","4,356",551
1995,Africa,1995056,Eswatini,748,"35,157","6,443",573
1995,Africa,1995057,Lesotho,426,"7,204","1,047","2,133"
1995,Africa,1995058,Namibia,516,"1,15,372","2,477",659
1995,Africa,1995059,South Africa,710,"10,03,807","38,038","12,068"
1995,Africa,1995061,Benin,204,"1,05,703","9,870",747
1995,Africa,1995062,Burkina Faso,854,"4,64,104","20,390","7,938"
1995,Africa,1995063,Cabo Verde,132,"9,979",519,538
1995,Africa,1995064,Côte d'Ivoire,384,"20,76,394","20,279","17,320"
1995,Africa,1995065,Gambia,270,"1,50,890","2,829","1,415"
1995,Africa,1995066,Ghana,288,"2,52,879","6,755","4,344"
1995,Africa,1995067,Guinea,324,"7,74,505","1,321","3,962"
1995,Africa,1995068,Guinea-Bissau,624,"27,961",590,488
1995,Africa,1995069,Liberia,430,"2,08,563","13,407","5,428"
1995,Africa,1995070,Mali,466,"1,76,187","16,808","1,864"
1995,Africa,1995071,Mauritania,478,"89,562","1,453",55
1995,Africa,1995072,Niger,562,"1,45,999","7,747","2,217"
1995,Africa,1995073,Nigeria,566,"4,62,999","86,999","14,463"
1995,Africa,1995074,Saint Helena,654,117,7,6
1995,Africa,1995075,Senegal,686,"2,87,654","24,540","12,546"
1995,Africa,1995076,Sierra Leone,694,"98,516",389,636
1995,Africa,1995077,Togo,768,"1,01,583","9,456","1,405"
1995,Africa,1995080,Algeria,12,"2,62,032","8,871","2,957"
1995,Africa,1995081,Egypt,818,"1,66,955","6,820","2,273"
1995,Africa,1995082,Libya,434,"5,08,041",,
1995,Africa,1995083,Morocco,504,"50,360","7,119","2,893"
1995,Africa,1995084,Sudan,729,"10,53,396","33,853",
1995,Africa,1995085,Tunisia,788,"37,867","3,742","2,274"
1995,Africa,1995086,Western Sahara,732,"2,989",77,47
1995,Asia,1995087,Western Asia,922,"1,68,30,424","10,10,556","3,12,249"
1995,Asia,1995088,Armenia,51,"6,93,999","21,785","17,428"
1995,Asia,1995089,Azerbaijan,31,"3,44,070","2,070","1,035"
1995,Asia,1995090,Bahrain,48,"2,05,979","3,621",966
1995,Asia,1995091,Cyprus,196,"61,941",132,358
1995,Asia,1995092,Georgia,268,"1,52,235","1,983",662
1995,Asia,1995093,Iraq,368,"1,99,460","22,927",582
1995,Asia,1995094,Israel,376,"17,92,185","18,701","2,19,076"
1995,Asia,1995095,Jordan,400,"15,37,097","1,662",553
1995,Asia,1995096,Kuwait,414,"9,21,954","21,240","7,080"
1995,Asia,1995097,Lebanon,422,"6,08,303","2,631",853
1995,Asia,1995098,Oman,512,"5,39,643","14,193","4,366"
1995,Asia,1995099,Qatar,634,"3,61,673","6,192","1,651"
1995,Asia,1995100,Saudi Arabia,682,"51,22,702","1,42,112","29,817"
1995,Asia,1995101,State of Palestine,275,"2,81,767","20,262","1,772"
1995,Asia,1995102,Syrian Arab Republic,760,"8,30,610","5,23,154","14,471"
1995,Asia,1995103,Turkey,792,"12,16,173","1,44,020",606
1995,Asia,1995104,United Arab Emirates,784,"18,24,118","33,691","8,983"
1995,Asia,1995105,Yemen,887,"1,36,515","30,180","1,990"
1995,Asia,1995107,Central Asia,5500,"59,04,795","2,07,316","2,00,418"
1995,Asia,1995108,Kazakhstan,398,"32,51,968","1,49,889","1,65,666"
1995,Asia,1995109,Kyrgyzstan,417,"5,18,338","5,221","6,086"
1995,Asia,1995110,Tajikistan,762,"3,48,347",259,217
1995,Asia,1995111,Turkmenistan,795,"2,73,565","1,207",518
1995,Asia,1995112,Uzbekistan,860,"15,12,577","50,740","27,931"
1995,Asia,1995113,Southern Asia,5501,"1,53,43,019","1,74,165","1,18,312"
1995,Asia,1995114,Afghanistan,4,"71,522","12,059","3,669"
1995,Asia,1995115,Bangladesh,50,"9,34,735","45,496","88,760"
1995,Asia,1995116,Bhutan,64,"27,972",536,"1,608"
1995,Asia,1995117,India,356,"69,52,238","29,415","5,884"
1995,Asia,1995118,Iran (Islamic Republic of),364,"29,37,668","45,540","15,180"
1995,Asia,1995119,Maldives,462,"18,510",554,130
1995,Asia,1995120,Nepal,524,"6,90,225","36,715","1,599"
1995,Asia,1995121,Pakistan,586,"36,69,308","2,801",905
1995,Asia,1995122,Sri Lanka,144,"40,841","1,049",577
1995,Asia,1995124,Eastern Asia,906,"46,39,749","3,72,400","63,659"
1995,Asia,1995125,China,156,"4,42,198","80,708","17,428"
1995,Asia,1995126,"China, Hong Kong SAR",344,"24,43,798","2,61,185","29,740"
1995,Asia,1995127,"China, Macao SAR",446,"2,24,929","3,746","11,240"
1995,Asia,1995128,Dem. People's Republic of Korea,408,"35,143","2,897",633
1995,Asia,1995129,Japan,392,"13,62,371","19,149","2,983"
1995,Asia,1995130,Mongolia,496,"7,424",561,210
1995,Asia,1995131,Republic of Korea,410,"1,23,886","4,154","1,425"
1995,Asia,1995132,South-Eastern Asia,920,"37,00,057","2,35,636","1,75,765"
1995,Asia,1995133,Brunei Darussalam,96,"84,748",658,220
1995,Asia,1995134,Cambodia,116,"92,230","4,002","1,748"
1995,Asia,1995135,Indonesia,360,"3,78,960","20,994","38,996"
1995,Asia,1995136,Lao People's Democratic Republic,418,"23,526","1,855",760
1995,Asia,1995137,Malaysia,458,"9,37,368","56,734","36,812"
1995,Asia,1995138,Myanmar,104,"1,13,663","8,893","4,922"
1995,Asia,1995139,Philippines,608,"2,07,345","17,561","16,939"
1995,Asia,1995140,Singapore,702,"9,91,492","1,22,922","74,715"
1995,Asia,1995141,Thailand,764,"8,09,720",29,9
1995,Asia,1995142,Timor-Leste,626,"9,743","1,049",124
1995,Asia,1995143,Viet Nam,704,"51,262",939,520
1995,Caribbean,1995146,Anguilla,660,"3,317",755,112
1995,Caribbean,1995147,Antigua and Barbuda,28,"17,550",430,130
1995,Caribbean,1995148,Aruba,533,"22,274","1,636","1,636"
1995,Caribbean,1995149,Bahamas,44,"31,654",611,363
1995,Caribbean,1995150,Barbados,52,"26,224","3,272","2,812"
1995,Caribbean,1995151,British Virgin Islands,92,"10,046",419,787
1995,Caribbean,1995152,"Bonaire, Sint Eustatius and Saba",535,"42,258",842,152
1995,Caribbean,1995153,Cayman Islands,136,"12,666",20,47
1995,Caribbean,1995154,Cuba,192,"26,187","2,822",933
1995,Caribbean,1995155,Curaçao,531,,,
1995,Caribbean,1995156,Dominica,212,"3,121",350,67
1995,Caribbean,1995157,Dominican Republic,214,"3,23,381",334,971
1995,Caribbean,1995158,Grenada,308,"5,544",545,"1,429"
1995,Caribbean,1995159,Guadeloupe,312,"74,566","3,440","1,053"
1995,Caribbean,1995160,Haiti,332,"18,129",915,387
1995,Caribbean,1995161,Jamaica,388,"22,713","2,274",231
1995,Caribbean,1995162,Martinique,474,"46,599","1,030",570
1995,Caribbean,1995163,Montserrat,500,"1,612",260,27
1995,Caribbean,1995164,Puerto Rico,630,"3,38,067","3,071","6,499"
1995,Caribbean,1995165,Saint Kitts and Nevis,659,"4,248","1,505",729
1995,Caribbean,1995166,Saint Lucia,662,"7,155","1,551",806
1995,Caribbean,1995167,Saint Vincent and the Grenadines,670,"4,135",219,42
1995,Caribbean,1995168,Sint Maarten (Dutch part),534,..,..,..
1995,Caribbean,1995169,Trinidad and Tobago,780,"45,994","2,738",912
1995,Caribbean,1995170,Turks and Caicos Islands,796,"7,039",399,739
1995,Caribbean,1995171,United States Virgin Islands,850,"54,241","3,170","2,364"
1995,America,1995173,Belize,84,"33,446",920,209
1995,America,1995174,Costa Rica,188,"3,64,287","1,60,059",372
1995,America,1995175,El Salvador,222,"39,537",140,46
1995,America,1995176,Guatemala,320,"1,56,188",42,22
1995,America,1995177,Honduras,340,"1,49,442",86,57
1995,America,1995178,Mexico,484,"4,58,549","1,478",410
1995,America,1995179,Nicaragua,558,"26,619",743,315
1995,America,1995180,Panama,591,"70,848",344,64
1995,America,1995182,Argentina,32,"15,95,069","57,776","24,755"
1995,America,1995183,Bolivia (Plurinational State of),68,"83,598",282,852
1995,America,1995184,Brazil,76,"7,41,557","22,228","5,345"
1995,America,1995185,Chile,152,"1,42,417",,
1995,America,1995186,Colombia,170,"1,06,943",194,560
1995,America,1995187,Ecuador,218,"1,15,093","12,650","2,230"
1995,America,1995188,Falkland Islands (Malvinas),238,868,14,26
1995,America,1995189,French Guiana,254,"70,131","2,751",864
1995,America,1995190,Guyana,328,"6,352",478,243
1995,America,1995191,Paraguay,600,"1,86,570","4,178","1,196"
1995,America,1995192,Peru,604,"56,732",305,566
1995,America,1995193,Suriname,740,"22,320","6,479","2,771"
1995,America,1995194,Uruguay,858,"93,428","4,730","2,063"
1995,America,1995195,Venezuela (Bolivarian Republic of),862,"10,19,996","1,297",27
1995,Australia / New Zealand,1995198,Australia,36,"41,53,330","27,180",600
1995,Australia / New Zealand,1995199,New Zealand,554,"5,88,617","24,828","8,673"
1995,Melanesia,1995201,Fiji,242,"13,001","1,413",192
1995,Melanesia,1995202,New Caledonia,540,"43,662","1,233","1,439"
1995,Melanesia,1995203,Papua New Guinea,598,"33,526","1,462",255
1995,Melanesia,1995204,Solomon Islands,90,"4,178",215,75
1995,Melanesia,1995205,Vanuatu,548,"2,461",882,128
1995,Micronesia,1995207,Guam,316,"71,912","1,518","1,139"
1995,Micronesia,1995208,Kiribati,296,"2,223",186,291
1995,Micronesia,1995209,Marshall Islands,584,"1,480",133,42
1995,Micronesia,1995210,Micronesia (Fed. States of),583,"3,342","1,722",493
1995,Micronesia,1995211,Nauru,520,"2,605",157,48
1995,Micronesia,1995212,Northern Mariana Islands,580,"32,376","1,085",185
1995,Micronesia,1995213,Palau,585,"4,749",170,11
1995,Polynesia,1995215,American Samoa,16,"23,098",598,199
1995,Polynesia,1995216,Cook Islands,184,"2,686",51,28
1995,Polynesia,1995217,French Polynesia,258,"28,360","3,217",532
1995,Polynesia,1995218,Niue,570,480,22,44
1995,Polynesia,1995219,Samoa,882,"4,694",192,92
1995,Polynesia,1995220,Tokelau,772,266,18,5
1995,Polynesia,1995221,Tonga,776,"3,274","1,068","1,278"
1995,Polynesia,1995222,Tuvalu,798,263,43,40
1995,Polynesia,1995223,Wallis and Futuna Islands,876,"1,704",11,25
1995,Europe,1995227,Belarus,112,"11,86,282",105,157
1995,Europe,1995228,Bulgaria,100,"32,435",522,"1,533"
1995,Europe,1995229,Czechia,203,"1,65,592",,
1995,Europe,1995230,Hungary,348,"3,22,234","1,336","7,160"
1995,Europe,1995231,Poland,616,"9,64,725","34,969","11,484"
1995,Europe,1995232,Republic of Moldova,498,"3,67,231","1,190","10,342"
1995,Europe,1995233,Romania,642,"1,35,037","2,007","6,854"
1995,Europe,1995234,Russian Federation,643,"1,19,28,927","7,322","1,466"
1995,Europe,1995235,Slovakia,703,"69,323",40,19
1995,Europe,1995236,Ukraine,804,"61,72,338","1,75,142","2,22,951"
1995,Europe,1995238,Channel Islands,830,"60,519",350,887
1995,Europe,1995239,Denmark,208,"3,03,108",,
1995,Europe,1995240,Estonia,233,"3,15,755",96,482
1995,Europe,1995241,Faroe Islands,234,"2,900",70,31
1995,Europe,1995242,Finland,246,"99,729",482,"1,446"
1995,Europe,1995243,Iceland,352,"12,738",,
1995,Europe,1995244,Ireland,372,"2,26,892",,
1995,Europe,1995245,Isle of Man,833,"36,886",560,"1,087"
1995,Europe,1995246,Latvia,428,"5,38,093",,
1995,Europe,1995247,Lithuania,440,"2,73,587","3,659","10,048"
1995,Europe,1995248,Norway,578,"2,33,302","8,990",361
1995,Europe,1995249,Sweden,752,"9,36,022",330,"81,003"
1995,Europe,1995250,United Kingdom,826,"41,55,293","8,879","14,412"
1995,Europe,1995252,Albania,8,"71,354","1,558","6,344"
1995,Europe,1995253,Andorra,20,"44,206","1,130","3,388"
1995,Europe,1995254,Bosnia and Herzegovina,70,"69,476",611,615
1995,Europe,1995255,Croatia,191,"6,74,085","27,593","82,778"
1995,Europe,1995256,Gibraltar,292,"8,381",384,882
1995,Europe,1995257,Greece,300,"8,57,850",,
1995,Europe,1995258,Holy See,336,780,345,435
1995,Europe,1995259,Italy,380,"17,74,954",4,8
1995,Europe,1995260,Malta,470,"17,740",142,4
1995,Europe,1995261,Montenegro,499,,,
1995,Europe,1995262,North Macedonia,807,"1,09,343",853,573
1995,Europe,1995263,Portugal,620,"5,32,822","3,564","1,131"
1995,Europe,1995264,San Marino,674,"3,659",59,46
1995,Europe,1995265,Serbia,688,"8,70,980","2,436","2,08,839"
1995,Europe,1995266,Slovenia,705,"1,74,419",918,"2,753"
1995,Europe,1995267,Spain,724,"10,20,067","5,128","2,450"
1995,Europe,1995269,Austria,40,"8,94,893",,
1995,Europe,1995270,Belgium,56,"12,88,003","21,004","31,502"
1995,Europe,1995271,France,250,"60,87,993",,
1995,Europe,1995272,Germany,276,"74,64,406","74,262","2,59,885"
1995,Europe,1995273,Liechtenstein,438,"13,311",26,35
1995,Europe,1995274,Luxembourg,442,"1,26,106",271,17
1995,Europe,1995275,Monaco,492,"21,060","3,018","6,461"
1995,Europe,1995276,Netherlands,528,"13,46,164","2,932",138
1995,Europe,1995277,Switzerland,756,"14,78,829","40,786","1,25,225"
1995,America,1995279,Bermuda,60,"16,676",633,63
1995,America,1995280,Canada,124,"48,64,778","2,515","3,774"
1995,America,1995281,Greenland,304,"7,121",33,49
1995,America,1995282,Saint Pierre and Miquelon,666,"1,320",173,
1995,America,1995283,United States of America,840,"2,84,51,053","18,42,706","14,422"
2000,America,2000024,Burundi,108,"1,25,628","9,438","4,269"
2000,America,2000025,Comoros,174,"13,799",831,658
2000,America,2000026,Djibouti,262,"1,00,507","4,513","1,503"
2000,America,2000027,Eritrea,232,"12,952","1,132",525
2000,America,2000028,Ethiopia,231,"6,11,384","46,100","15,366"
2000,America,2000029,Kenya,404,"7,07,852","46,659","25,053"
2000,America,2000030,Madagascar,450,"23,541","2,804","3,510"
2000,America,2000031,Malawi,454,"2,32,620","37,999","12,659"
2000,America,2000032,Mauritius,480,"15,543",736,295
2000,America,2000033,Mayotte,175,"45,474",262,260
2000,America,2000034,Mozambique,508,"1,95,702","3,430","10,290"
2000,America,2000035,Réunion,638,"1,00,678","7,505","4,307"
2000,America,2000036,Rwanda,646,"3,47,076","7,106","2,218"
2000,America,2000037,Seychelles,690,"6,574",291,188
2000,America,2000038,Somalia,706,"20,097","13,033","6,509"
2000,America,2000039,South Sudan,728,..,..,
2000,America,2000040,Uganda,800,"5,84,280","2,474",43
2000,America,2000041,United Republic of Tanzania,834,"9,49,600","5,459","2,328"
2000,America,2000042,Zambia,894,"3,43,703","4,209","1,517"
2000,America,2000043,Zimbabwe,716,"4,10,109","38,322","9,840"
2000,Middle Africa,2000045,Angola,24,"46,108","3,909","3,714"
2000,Middle Africa,2000046,Cameroon,120,"2,27,242","33,273","11,090"
2000,Middle Africa,2000047,Central African Republic,140,"1,23,529","26,705","8,902"
2000,Middle Africa,2000048,Chad,148,"1,04,825","5,849",287
2000,Middle Africa,2000049,Congo,178,"3,05,880","4,867","1,622"
2000,Middle Africa,2000050,Democratic Republic of the Congo,180,"7,44,387","84,662","42,332"
2000,Middle Africa,2000051,Equatorial Guinea,226,"4,517",602,265
2000,Middle Africa,2000052,Gabon,266,"2,14,431","4,551","1,074"
2000,Middle Africa,2000053,Sao Tome and Principe,678,"4,365",67,21
2000,Middle Africa,2000055,Botswana,72,"74,934","19,900","6,634"
2000,Middle Africa,2000056,Eswatini,748,"34,084","6,650",701
2000,Middle Africa,2000057,Lesotho,426,"6,167",963,"1,505"
2000,Middle Africa,2000058,Namibia,516,"1,35,547","2,276",511
2000,Middle Africa,2000059,South Africa,710,"10,16,963","25,812","8,423"
2000,Middle Africa,2000061,Benin,204,"1,34,655","12,564",952
2000,Middle Africa,2000062,Burkina Faso,854,"5,20,363","24,840","9,544"
2000,Middle Africa,2000063,Cabo Verde,132,"11,027",268,76
2000,Middle Africa,2000064,Côte d'Ivoire,384,"21,63,644","42,276","18,047"
2000,Middle Africa,2000065,Gambia,270,"1,82,514","3,544","1,772"
2000,Middle Africa,2000066,Ghana,288,"1,91,601","7,556","4,861"
2000,Middle Africa,2000067,Guinea,324,"5,60,075","2,390","7,170"
2000,Middle Africa,2000068,Guinea-Bissau,624,"20,450",917,596
2000,Middle Africa,2000069,Liberia,430,"1,51,868","11,474","5,322"
2000,Middle Africa,2000070,Mali,466,"1,89,475","49,739","1,708"
2000,Middle Africa,2000071,Mauritania,478,"57,366","1,829",56
2000,Middle Africa,2000072,Niger,562,"1,22,260","7,938","1,903"
2000,Middle Africa,2000073,Nigeria,566,"4,87,882","34,664","15,241"
2000,Middle Africa,2000074,Saint Helena,654,108,6,5
2000,Middle Africa,2000075,Senegal,686,"2,31,901","21,783","11,339"
2000,Middle Africa,2000076,Sierra Leone,694,"97,974",366,631
2000,Middle Africa,2000077,Togo,768,"1,37,968","12,240","1,244"
2000,Middle Africa,2000080,Algeria,12,"2,50,110","6,243","2,081"
2000,Middle Africa,2000081,Egypt,818,"1,84,774","8,136","2,711"
2000,Middle Africa,2000082,Libya,434,"5,67,436",,
2000,Middle Africa,2000083,Morocco,504,"53,034","7,498","3,036"
2000,Middle Africa,2000084,Sudan,729,"8,05,086","34,636",
2000,Middle Africa,2000085,Tunisia,788,"36,719","4,263","2,599"
2000,Middle Africa,2000086,Western Sahara,732,"3,289",80,52
2000,Asia,2000088,Armenia,51,"6,57,900","20,693","16,556"
2000,Asia,2000089,Azerbaijan,31,"3,27,540","1,660",830
2000,Asia,2000090,Bahrain,48,"2,39,361","5,275","1,403"
2000,Asia,2000091,Cyprus,196,"80,076",170,512
2000,Asia,2000092,Georgia,268,"76,117","2,192",731
2000,Asia,2000093,Iraq,368,"2,10,525","21,728",552
2000,Asia,2000094,Israel,376,"18,51,309","20,058","2,99,127"
2000,Asia,2000095,Jordan,400,"19,27,845","1,812",602
2000,Asia,2000096,Kuwait,414,"11,27,640","31,017","10,339"
2000,Asia,2000097,Lebanon,422,"6,92,913","2,554",835
2000,Asia,2000098,Oman,512,"6,23,608","21,023","6,219"
2000,Asia,2000099,Qatar,634,"3,59,697","7,923","2,107"
2000,Asia,2000100,Saudi Arabia,682,"52,63,387","1,46,006","30,636"
2000,Asia,2000101,State of Palestine,275,"2,75,202","19,790","1,731"
2000,Asia,2000102,Syrian Arab Republic,760,"8,34,916","4,32,347","14,835"
2000,Asia,2000103,Turkey,792,"12,80,963","1,04,668",559
2000,Asia,2000104,United Arab Emirates,784,"24,47,010","54,383","14,454"
2000,Asia,2000105,Yemen,887,"1,44,940","28,741","2,062"
2000,Asia,2000108,Kazakhstan,398,"28,74,194","91,973","1,01,653"
2000,Asia,2000109,Kyrgyzstan,417,"3,89,824","4,222","4,461"
2000,Asia,2000110,Tajikistan,762,"2,99,499",233,100
2000,Asia,2000111,Turkmenistan,795,"2,19,067","1,551",665
2000,Asia,2000112,Uzbekistan,860,"14,06,498","57,866","23,531"
2000,Asia,2000114,Afghanistan,4,"75,917","9,999","5,000"
2000,Asia,2000115,Bangladesh,50,"9,87,853","48,917","79,512"
2000,Asia,2000116,Bhutan,64,"32,137",616,"1,848"
2000,Asia,2000117,India,356,"64,11,331","32,080","6,415"
2000,Asia,2000118,Iran (Islamic Republic of),364,"28,03,805","1,31,944","32,986"
2000,Asia,2000119,Maldives,462,"27,092",990,81
2000,Asia,2000120,Nepal,524,"7,17,900","35,766","1,445"
2000,Asia,2000121,Pakistan,586,"41,81,912","2,534",799
2000,Asia,2000122,Sri Lanka,144,"40,132","1,064",564
2000,Asia,2000125,China,156,"5,08,034","99,037","19,262"
2000,Asia,2000126,"China, Hong Kong SAR",344,"26,69,122","3,33,211","30,447"
2000,Asia,2000127,"China, Macao SAR",446,"2,40,791","3,615","10,847"
2000,Asia,2000128,Dem. People's Republic of Korea,408,"36,183","3,333",648
2000,Asia,2000129,Japan,392,"16,86,444","30,121","7,555"
2000,Asia,2000130,Mongolia,496,"8,206",622,216
2000,Asia,2000131,Republic of Korea,410,"2,44,224","8,081","2,772"
2000,Asia,2000133,Brunei Darussalam,96,"96,296",723,240
2000,Asia,2000134,Cambodia,116,"1,46,085","4,041","1,765"
2000,Asia,2000135,Indonesia,360,"2,92,307","10,258","19,050"
2000,Asia,2000136,Lao People's Democratic Republic,418,"21,948","3,048","1,140"
2000,Asia,2000137,Malaysia,458,"14,63,598","75,450","50,915"
2000,Asia,2000138,Myanmar,104,"98,011","8,007","4,628"
2000,Asia,2000139,Philippines,608,"3,18,095","57,966","26,609"
2000,Asia,2000140,Singapore,702,"13,51,691","1,24,788","8,038"
2000,Asia,2000141,Thailand,764,"12,57,821",47,15
2000,Asia,2000142,Timor-Leste,626,"10,602","1,139",136
2000,Asia,2000143,Viet Nam,704,"56,754","2,255","1,123"
2000,Caribbean,2000146,Anguilla,660,"4,063",928,137
2000,Caribbean,2000147,Antigua and Barbuda,28,"23,071",147,178
2000,Caribbean,2000148,Aruba,533,"30,104","1,604","1,603"
2000,Caribbean,2000149,Bahamas,44,"36,454",260,153
2000,Caribbean,2000150,Barbados,52,"28,424","3,546","3,047"
2000,Caribbean,2000151,British Virgin Islands,92,"12,958","1,682","1,121"
2000,Caribbean,2000152,"Bonaire, Sint Eustatius and Saba",535,"46,105","1,281",232
2000,Caribbean,2000153,Cayman Islands,136,"19,176",23,56
2000,Caribbean,2000154,Cuba,192,"17,818","1,917",638
2000,Caribbean,2000155,Curaçao,531,,,
2000,Caribbean,2000156,Dominica,212,"3,723",418,80
2000,Caribbean,2000157,Dominican Republic,214,"3,55,611",367,"1,103"
2000,Caribbean,2000158,Grenada,308,"6,825",666,"1,804"
2000,Caribbean,2000159,Guadeloupe,312,"83,188","3,833","1,171"
2000,Caribbean,2000160,Haiti,332,"17,222",882,367
2000,Caribbean,2000161,Jamaica,388,"24,952","2,418",242
2000,Caribbean,2000162,Martinique,474,"54,492","1,033",498
2000,Caribbean,2000163,Montserrat,500,"1,211",196,18
2000,Caribbean,2000164,Puerto Rico,630,"3,55,038","3,254","6,863"
2000,Caribbean,2000165,Saint Kitts and Nevis,659,"5,871","2,080","1,007"
2000,Caribbean,2000166,Saint Lucia,662,"9,871","2,105","1,079"
2000,Caribbean,2000167,Saint Vincent and the Grenadines,670,"4,307",228,43
2000,Caribbean,2000168,Sint Maarten (Dutch part),534,..,..,..
2000,Caribbean,2000169,Trinidad and Tobago,780,"41,753","2,964",988
2000,Caribbean,2000170,Turks and Caicos Islands,796,"9,015",317,952
2000,Caribbean,2000171,United States Virgin Islands,850,"56,611","1,910","1,192"
2000,America,2000173,Belize,84,"36,488",951,216
2000,America,2000174,Costa Rica,188,"3,10,946","10,210",400
2000,America,2000175,El Salvador,222,"31,713",96,31
2000,America,2000176,Guatemala,320,"48,119",48,15
2000,America,2000177,Honduras,340,"28,461",85,56
2000,America,2000178,Mexico,484,"5,38,051","1,595",344
2000,America,2000179,Nicaragua,558,"30,389","1,094",232
2000,America,2000180,Panama,591,"83,410",405,93
2000,America,2000182,Argentina,32,"15,40,219","56,355","24,151"
2000,America,2000183,Bolivia (Plurinational State of),68,"92,658",301,904
2000,America,2000184,Brazil,76,"6,84,596","22,736","4,247"
2000,America,2000185,Chile,152,"1,77,332",,
2000,America,2000186,Colombia,170,"1,09,609",179,536
2000,America,2000187,Ecuador,218,"1,51,523","25,130","4,435"
2000,America,2000188,Falkland Islands (Malvinas),238,"1,067",15,28
2000,America,2000189,French Guiana,254,"76,649","3,031",950
2000,America,2000190,Guyana,328,"8,610",669,361
2000,America,2000191,Paraguay,600,"1,76,608","2,862","1,400"
2000,America,2000192,Peru,604,"66,300",333,636
2000,America,2000193,Suriname,740,"27,506","7,979","3,384"
2000,America,2000194,Uruguay,858,"88,874","5,274","2,123"
2000,America,2000195,Venezuela (Bolivarian Republic of),862,"10,13,738",199,27
2000,Australia / New Zealand,2000198,Australia,36,"43,86,250","12,640","37,920"
2000,Australia / New Zealand,2000199,New Zealand,554,"6,78,813","25,047","8,751"
2000,Melanesia,2000201,Fiji,242,"12,719","1,408",191
2000,Melanesia,2000202,New Caledonia,540,"49,651","1,402","1,637"
2000,Melanesia,2000203,Papua New Guinea,598,"26,304","1,106",190
2000,Melanesia,2000204,Solomon Islands,90,"3,981",201,69
2000,Melanesia,2000205,Vanuatu,548,"2,626","1,132",133
2000,Micronesia,2000207,Guam,316,"74,070","1,599","1,089"
2000,Micronesia,2000208,Kiribati,296,"2,283",184,295
2000,Micronesia,2000209,Marshall Islands,584,"1,891",160,47
2000,Micronesia,2000210,Micronesia (Fed. States of),583,"3,116","1,605",459
2000,Micronesia,2000211,Nauru,520,"2,394",142,46
2000,Micronesia,2000212,Northern Mariana Islands,580,"40,122","1,288",221
2000,Micronesia,2000213,Palau,585,"6,310",581,15
2000,Polynesia,2000215,American Samoa,16,"24,912",598,199
2000,Polynesia,2000216,Cook Islands,184,"2,785",53,29
2000,Polynesia,2000217,French Polynesia,258,"30,329","3,439",569
2000,Polynesia,2000218,Niue,570,498,29,47
2000,Polynesia,2000219,Samoa,882,"5,998",207,109
2000,Polynesia,2000220,Tokelau,772,262,22,2
2000,Polynesia,2000221,Tonga,776,"3,684","1,217","1,428"
2000,Polynesia,2000222,Tuvalu,798,218,44,38
2000,Polynesia,2000223,Wallis and Futuna Islands,876,"2,015",13,30
2000,Europe,2000227,Belarus,112,"11,23,586",124,187
2000,Europe,2000228,Bulgaria,100,"43,360",438,"1,324"
2000,Europe,2000229,Czechia,203,"2,20,789",,
2000,Europe,2000230,Hungary,348,"2,96,957",979,"5,277"
2000,Europe,2000231,Poland,616,"8,25,251","29,888","9,824"
2000,Europe,2000232,Republic of Moldova,498,"2,47,828",790,"6,976"
2000,Europe,2000233,Romania,642,"1,34,254","1,668","10,942"
2000,Europe,2000234,Russian Federation,643,"1,19,00,297","7,214","1,460"
2000,Europe,2000235,Slovakia,703,"1,16,376",201,32
2000,Europe,2000236,Ukraine,804,"55,27,087","1,71,384","2,18,144"
2000,Europe,2000238,Channel Islands,830,"64,301",372,942
2000,Europe,2000239,Denmark,208,"3,71,026",,
2000,Europe,2000240,Estonia,233,"2,49,512",85,428
2000,Europe,2000241,Faroe Islands,234,"3,593",119,48
2000,Europe,2000242,Finland,246,"1,36,203",454,"1,359"
2000,Europe,2000243,Iceland,352,"15,892",,
2000,Europe,2000244,Ireland,372,"3,50,552",,
2000,Europe,2000245,Isle of Man,833,"39,002",566,"1,099"
2000,Europe,2000246,Latvia,428,"4,30,178",,
2000,Europe,2000247,Lithuania,440,"2,14,311","2,829","7,935"
2000,Europe,2000248,Norway,578,"2,92,440","14,031",401
2000,Europe,2000249,Sweden,752,"10,03,798",914,"86,860"
2000,Europe,2000250,United Kingdom,826,"47,30,165","15,535","22,580"
2000,Europe,2000252,Albania,8,"76,695","1,674","6,819"
2000,Europe,2000253,Andorra,20,"42,147",228,681
2000,Europe,2000254,Bosnia and Herzegovina,70,"82,952",495,498
2000,Europe,2000255,Croatia,191,"5,85,298","26,284","78,851"
2000,Europe,2000256,Gibraltar,292,"8,054",421,842
2000,Europe,2000257,Greece,300,"11,11,665",,
2000,Europe,2000258,Holy See,336,785,327,458
2000,Europe,2000259,Italy,380,"21,21,688",8,13
2000,Europe,2000260,Malta,470,"21,521",156,7
2000,Europe,2000261,Montenegro,499,,,
2000,Europe,2000262,North Macedonia,807,"1,25,665",795,534
2000,Europe,2000263,Portugal,620,"6,51,472","4,025","1,167"
2000,Europe,2000264,San Marino,674,"4,045",79,70
2000,Europe,2000265,Serbia,688,"9,77,873","5,103","68,010"
2000,Europe,2000266,Slovenia,705,"2,14,508","1,620","4,857"
2000,Europe,2000267,Spain,724,"16,57,285","7,346","3,149"
2000,Europe,2000269,Austria,40,"9,96,547",,
2000,Europe,2000270,Belgium,56,"12,68,368","37,066","55,599"
2000,Europe,2000271,France,250,"62,78,718",,
2000,Europe,2000272,Germany,276,"89,92,631","74,160","2,59,561"
2000,Europe,2000273,Liechtenstein,438,"15,483",41,53
2000,Europe,2000274,Luxembourg,442,"1,39,750",295,17
2000,Europe,2000275,Monaco,492,"21,787","3,302","6,871"
2000,Europe,2000276,Netherlands,528,"15,56,337","3,932",185
2000,Europe,2000277,Switzerland,756,"15,70,756","25,204","77,135"
2000,America,2000279,Bermuda,60,"17,668",641,97
2000,America,2000280,Canada,124,"55,11,914","2,886","4,329"
2000,America,2000281,Greenland,304,"6,601",49,73
2000,America,2000282,Saint Pierre and Miquelon,666,"1,458",182,
2000,America,2000283,United States of America,840,"3,48,14,053","16,42,662","13,450"
2005,Africa,2005024,Burundi,108,"1,72,874","12,615","3,319"
2005,Africa,2005025,Comoros,174,"13,209",796,630
2005,Africa,2005026,Djibouti,262,"92,091","4,134","1,377"
2005,Africa,2005027,Eritrea,232,"14,314","1,320",603
2005,Africa,2005028,Ethiopia,231,"5,14,242","38,775","12,925"
2005,Africa,2005029,Kenya,404,"7,73,354","39,648","21,288"
2005,Africa,2005030,Madagascar,450,"26,058","3,103","3,885"
2005,Africa,2005031,Malawi,454,"2,21,661","36,203","12,063"
2005,Africa,2005032,Mauritius,480,"19,647",938,226
2005,Africa,2005033,Mayotte,175,"63,176",546,541
2005,Africa,2005034,Mozambique,508,"2,64,679","4,636","13,908"
2005,Africa,2005035,Réunion,638,"1,15,076","7,556","4,793"
2005,Africa,2005036,Rwanda,646,"4,23,187","14,694","2,621"
2005,Africa,2005037,Seychelles,690,"8,997",264,165
2005,Africa,2005038,Somalia,706,"20,670","13,011","6,500"
2005,Africa,2005039,South Sudan,728,..,..,
2005,Africa,2005040,Uganda,800,"5,93,308","2,397",41
2005,Africa,2005041,United Republic of Tanzania,834,"7,71,153","6,641","2,548"
2005,Africa,2005042,Zambia,894,"2,52,895","23,170","1,586"
2005,Africa,2005043,Zimbabwe,716,"4,02,226","64,116","18,200"
2005,Africa,2005045,Angola,24,"61,329","9,195","3,064"
2005,Africa,2005046,Cameroon,120,"2,65,503","17,883","5,960"
2005,Africa,2005047,Central African Republic,140,"94,449","20,419","6,807"
2005,Africa,2005048,Chad,148,"3,52,062","8,095",993
2005,Africa,2005049,Congo,178,"3,18,724","5,291","1,763"
2005,Africa,2005050,Democratic Republic of the Congo,180,"6,22,869","86,693","42,332"
2005,Africa,2005051,Equatorial Guinea,226,"6,588",877,386
2005,Africa,2005052,Gabon,266,"2,33,824","4,963","1,171"
2005,Africa,2005053,Sao Tome and Principe,678,"3,433",56,17
2005,Africa,2005055,Botswana,72,"84,614","5,686","1,896"
2005,Africa,2005056,Eswatini,748,"33,392","7,166",692
2005,Africa,2005057,Lesotho,426,"6,290",985,"1,536"
2005,Africa,2005058,Namibia,516,"1,07,347","1,802",443
2005,Africa,2005059,South Africa,710,"13,51,031","23,900","10,995"
2005,Africa,2005061,Benin,204,"2,21,889","21,429","1,622"
2005,Africa,2005062,Burkina Faso,854,"5,97,658","28,939","10,999"
2005,Africa,2005063,Cabo Verde,132,"12,700",751,136
2005,Africa,2005064,Côte d'Ivoire,384,"22,65,090","44,280","18,893"
2005,Africa,2005065,Gambia,270,"1,81,905","3,517","1,758"
2005,Africa,2005066,Ghana,288,"3,04,436","4,366","13,095"
2005,Africa,2005067,Guinea,324,"2,29,611","10,347","31,040"
2005,Africa,2005068,Guinea-Bissau,624,"20,736",505,577
2005,Africa,2005069,Liberia,430,"87,188","6,370","2,599"
2005,Africa,2005070,Mali,466,"2,56,797","62,790","6,969"
2005,Africa,2005071,Mauritania,478,"58,119","1,979",56
2005,Africa,2005072,Niger,562,"1,24,461","8,080","1,937"
2005,Africa,2005073,Nigeria,566,"9,69,294","68,892","30,277"
2005,Africa,2005074,Saint Helena,654,163,10,13
2005,Africa,2005075,Senegal,686,"2,38,298","23,148","12,201"
2005,Africa,2005076,Sierra Leone,694,"1,46,050",235,421
2005,Africa,2005077,Togo,768,"2,03,799","17,934","1,336"
2005,Africa,2005080,Algeria,12,"1,97,422","4,937","1,642"
2005,Africa,2005081,Egypt,818,"2,85,006","16,759","5,586"
2005,Africa,2005082,Libya,434,"6,25,212",,
2005,Africa,2005083,Morocco,504,"54,379","7,689","3,103"
2005,Africa,2005084,Sudan,729,"5,46,419","37,268",
2005,Africa,2005085,Tunisia,788,"35,040","4,083","2,483"
2005,Africa,2005086,Western Sahara,732,"3,891",95,62
2005,Asia,2005088,Armenia,51,"4,69,119","16,274","13,244"
2005,Asia,2005089,Azerbaijan,31,"3,02,220","1,660",830
2005,Asia,2005090,Bahrain,48,"4,04,018","9,399","2,507"
2005,Asia,2005091,Cyprus,196,"1,17,165",247,711
2005,Asia,2005092,Georgia,268,"72,311","2,106",694
2005,Asia,2005093,Iraq,368,"1,32,915","24,909",633
2005,Asia,2005094,Israel,376,"18,89,503","21,728","4,28,782"
2005,Asia,2005095,Jordan,400,"23,25,414","3,315","1,101"
2005,Asia,2005096,Kuwait,414,"13,33,327","49,176","16,392"
2005,Asia,2005097,Lebanon,422,"7,56,784","2,000",654
2005,Asia,2005098,Oman,512,"6,66,160","21,181","6,757"
2005,Asia,2005099,Qatar,634,"6,46,026","16,605","4,675"
2005,Asia,2005100,Saudi Arabia,682,"65,01,819","1,80,350","37,845"
2005,Asia,2005101,State of Palestine,275,"2,66,617","20,393","1,879"
2005,Asia,2005102,Syrian Arab Republic,760,"8,78,308","87,728","11,172"
2005,Asia,2005103,Turkey,792,"13,19,236","1,07,859",639
2005,Asia,2005104,United Arab Emirates,784,"32,81,115","77,269","20,597"
2005,Asia,2005105,Yemen,887,"1,71,871","31,027","2,214"
2005,Asia,2005107,Central Asia,5500,"52,35,877","1,67,620","1,42,607"
2005,Asia,2005108,Kazakhstan,398,"31,03,027","1,03,316","1,14,190"
2005,Asia,2005109,Kyrgyzstan,417,"3,09,399","3,357","3,537"
2005,Asia,2005110,Tajikistan,762,"2,80,466",210,98
2005,Asia,2005111,Turkmenistan,795,"2,13,053","2,210",948
2005,Asia,2005112,Uzbekistan,860,"13,29,932","58,527","23,834"
2005,Asia,2005114,Afghanistan,4,"87,300","14,121","6,134"
2005,Asia,2005115,Bangladesh,50,"11,66,700","63,341","1,06,577"
2005,Asia,2005116,Bhutan,64,"40,279",772,"2,316"
2005,Asia,2005117,India,356,"59,23,945","38,351","7,673"
2005,Asia,2005118,Iran (Islamic Republic of),364,"25,68,930","2,24,304","56,076"
2005,Asia,2005119,Maldives,462,"45,045","2,185",97
2005,Asia,2005120,Nepal,524,"6,79,457","33,554","1,252"
2005,Asia,2005121,Pakistan,586,"31,71,132","2,361",772
2005,Asia,2005122,Sri Lanka,144,"39,526","1,116",550
2005,Asia,2005125,China,156,"6,78,947","1,09,272","21,250"
2005,Asia,2005126,"China, Hong Kong SAR",344,"27,21,235","1,79,780","17,421"
2005,Asia,2005127,"China, Macao SAR",446,"2,79,308","4,193","12,582"
2005,Asia,2005128,Dem. People's Republic of Korea,408,"40,097","2,315",638
2005,Asia,2005129,Japan,392,"20,11,555","55,831","9,864"
2005,Asia,2005130,Mongolia,496,"11,477",502,169
2005,Asia,2005131,Republic of Korea,410,"4,86,065","16,368","5,652"
2005,Asia,2005133,Brunei Darussalam,96,"98,441",739,245
2005,Asia,2005134,Cambodia,116,"1,14,031","3,154","1,378"
2005,Asia,2005135,Indonesia,360,"2,89,568","7,643","23,539"
2005,Asia,2005136,Lao People's Democratic Republic,418,"20,371","2,856","1,060"
2005,Asia,2005137,Malaysia,458,"19,18,504","90,192","64,577"
2005,Asia,2005138,Myanmar,104,"83,025","6,782","3,920"
2005,Asia,2005139,Philippines,608,"2,57,468","46,966","21,537"
2005,Asia,2005140,Singapore,702,"17,10,594","1,63,712","20,262"
2005,Asia,2005141,Thailand,764,"21,63,447",243,149
2005,Asia,2005142,Timor-Leste,626,"11,286","1,212",144
2005,Asia,2005143,Viet Nam,704,"51,768","2,584","1,201"
2005,Caribbean,2005146,Anguilla,660,"4,684","1,076",157
2005,Caribbean,2005147,Antigua and Barbuda,28,"24,741",150,183
2005,Caribbean,2005148,Aruba,533,"32,540","1,198","1,198"
2005,Caribbean,2005149,Bahamas,44,"45,595",422,250
2005,Caribbean,2005150,Barbados,52,"30,624","6,782","3,190"
2005,Caribbean,2005151,British Virgin Islands,92,"15,016","2,029","1,352"
2005,Caribbean,2005152,"Bonaire, Sint Eustatius and Saba",535,"49,105","1,362",247
2005,Caribbean,2005153,Cayman Islands,136,"20,679",21,51
2005,Caribbean,2005154,Cuba,192,"11,935","1,284",446
2005,Caribbean,2005155,Curaçao,531,,,
2005,Caribbean,2005156,Dominica,212,"4,744",660,126
2005,Caribbean,2005157,Dominican Republic,214,"3,76,001","1,191","3,573"
2005,Caribbean,2005158,Grenada,308,"6,902",704,"1,641"
2005,Caribbean,2005159,Guadeloupe,312,"89,065","4,038","1,101"
2005,Caribbean,2005160,Haiti,332,"16,360",849,348
2005,Caribbean,2005161,Jamaica,388,"24,314","2,357",236
2005,Caribbean,2005162,Martinique,474,"57,034","1,081",521
2005,Caribbean,2005163,Montserrat,500,"1,244",198,18
2005,Caribbean,2005164,Puerto Rico,630,"3,52,144","9,564","4,948"
2005,Caribbean,2005165,Saint Kitts and Nevis,659,"6,682","2,370","1,147"
2005,Caribbean,2005166,Saint Lucia,662,"9,842","1,386",582
2005,Caribbean,2005167,Saint Vincent and the Grenadines,670,"4,436",238,43
2005,Caribbean,2005168,Sint Maarten (Dutch part),534,"13,100",824,291
2005,Caribbean,2005169,Trinidad and Tobago,780,"44,812","3,181","1,060"
2005,Caribbean,2005170,Turks and Caicos Islands,796,"13,115","1,204","3,671"
2005,Caribbean,2005171,United States Virgin Islands,850,"56,647","1,427",716
2005,America,2005173,Belize,84,"41,424","1,048",238
2005,America,2005174,Costa Rica,188,"3,58,175","1,60,043",262
2005,America,2005175,El Salvador,222,"36,019",94,31
2005,America,2005176,Guatemala,320,"57,252",34,39
2005,America,2005177,Honduras,340,"27,875",83,55
2005,America,2005178,Mexico,484,"7,12,487","1,838",336
2005,America,2005179,Nicaragua,558,"34,918","1,523",176
2005,America,2005180,Panama,591,"1,17,563",478,99
2005,America,2005182,Argentina,32,"16,73,088","41,543","17,816"
2005,America,2005183,Bolivia (Plurinational State of),68,"1,07,745",525,"1,527"
2005,America,2005184,Brazil,76,"6,38,582","13,903","2,597"
2005,America,2005185,Chile,152,"2,76,360",,
2005,America,2005186,Colombia,170,"1,07,612",162,484
2005,America,2005187,Ecuador,218,"1,87,404","29,666","5,235"
2005,America,2005188,Falkland Islands (Malvinas),238,"1,166",21,39
2005,America,2005189,French Guiana,254,"86,468","2,986",938
2005,America,2005190,Guyana,328,"10,868",589,295
2005,America,2005191,Paraguay,600,"1,68,243","2,734","1,333"
2005,America,2005192,Peru,604,"77,877",373,734
2005,America,2005193,Suriname,740,"33,664","9,767","4,142"
2005,America,2005194,Uruguay,858,"82,317","1,592","4,773"
2005,America,2005195,Venezuela (Bolivarian Republic of),862,"10,76,474",130,27
2005,Australia / New Zealand,2005198,Australia,36,"48,78,030","13,993","41,977"
2005,Australia / New Zealand,2005199,New Zealand,554,"8,39,952","26,876","9,504"
2005,Melanesia,2005201,Fiji,242,"12,435","1,414",192
2005,Melanesia,2005202,New Caledonia,540,"55,405","2,647","1,744"
2005,Melanesia,2005203,Papua New Guinea,598,"30,106","1,107",220
2005,Melanesia,2005204,Solomon Islands,90,"3,271",372,63
2005,Melanesia,2005205,Vanuatu,548,"2,800",815,175
2005,Micronesia,2005207,Guam,316,"74,743","1,624",951
2005,Micronesia,2005208,Kiribati,296,"2,487",154,229
2005,Micronesia,2005209,Marshall Islands,584,"2,417",205,64
2005,Micronesia,2005210,Micronesia (Fed. States of),583,"2,905","1,481",427
2005,Micronesia,2005211,Nauru,520,"2,253",136,42
2005,Micronesia,2005212,Northern Mariana Islands,580,"37,542","1,239",254
2005,Micronesia,2005213,Palau,585,"6,043",657,18
2005,Polynesia,2005215,American Samoa,16,"24,233",511,170
2005,Polynesia,2005216,Cook Islands,184,"3,277",244,131
2005,Polynesia,2005217,French Polynesia,258,"32,286","3,604",596
2005,Polynesia,2005218,Niue,570,522,29,48
2005,Polynesia,2005219,Samoa,882,"5,746",290,117
2005,Polynesia,2005220,Tokelau,772,258,21,1
2005,Polynesia,2005221,Tonga,776,"4,301","1,422","1,667"
2005,Polynesia,2005222,Tuvalu,798,209,47,39
2005,Polynesia,2005223,Wallis and Futuna Islands,876,"2,191",17,34
2005,EUROPE,2005227,Belarus,112,"11,06,982",124,185
2005,EUROPE,2005228,Bulgaria,100,"61,074",403,"1,173"
2005,EUROPE,2005229,Czechia,203,"3,22,540",,
2005,EUROPE,2005230,Hungary,348,"3,66,787","1,209","6,498"
2005,EUROPE,2005231,Poland,616,"7,22,509","17,577","5,712"
2005,EUROPE,2005232,Republic of Moldova,498,"1,71,122",546,"4,810"
2005,EUROPE,2005233,Romania,642,"1,45,162","1,411","10,129"
2005,EUROPE,2005234,Russian Federation,643,"1,16,67,588","3,878",756
2005,EUROPE,2005235,Slovakia,703,"1,30,491",61,36
2005,EUROPE,2005236,Ukraine,804,"50,50,302","1,56,599","1,99,343"
2005,EUROPE,2005238,Channel Islands,830,"70,941",604,"1,530"
2005,EUROPE,2005239,Denmark,208,"4,40,383",,
2005,EUROPE,2005240,Estonia,233,"2,33,701",85,430
2005,EUROPE,2005241,Faroe Islands,234,"4,583",173,38
2005,EUROPE,2005242,Finland,246,"1,92,169",464,"1,392"
2005,EUROPE,2005243,Iceland,352,"25,492",,
2005,EUROPE,2005244,Ireland,372,"5,89,046",,
2005,EUROPE,2005245,Isle of Man,833,"41,475",639,"1,240"
2005,EUROPE,2005246,Latvia,428,"3,76,725",,
2005,EUROPE,2005247,Lithuania,440,"2,01,209","1,653","4,333"
2005,EUROPE,2005248,Norway,578,"3,61,144","9,685",435
2005,EUROPE,2005249,Sweden,752,"11,25,790","1,269","91,064"
2005,EUROPE,2005250,United Kingdom,826,"59,26,156","13,327","26,231"
2005,EUROPE,2005252,Albania,8,"64,739","1,413","5,756"
2005,EUROPE,2005253,Andorra,20,"50,298",443,"1,329"
2005,EUROPE,2005254,Bosnia and Herzegovina,70,"47,272",377,377
2005,EUROPE,2005255,Croatia,191,"5,79,273","15,619","46,835"
2005,EUROPE,2005256,Gibraltar,292,"9,211",637,"1,082"
2005,EUROPE,2005257,Greece,300,"11,90,707",,
2005,EUROPE,2005258,Holy See,336,798,324,474
2005,EUROPE,2005259,Italy,380,"39,54,790",8,12
2005,EUROPE,2005260,Malta,470,"24,560",250,19
2005,EUROPE,2005261,Montenegro,499,,,
2005,EUROPE,2005262,North Macedonia,807,"1,27,667",823,548
2005,EUROPE,2005263,Portugal,620,"7,71,184","3,502","1,077"
2005,EUROPE,2005264,San Marino,674,"4,218",79,70
2005,EUROPE,2005265,Serbia,688,"8,54,848","2,085","8,329"
2005,EUROPE,2005266,Slovenia,705,"2,17,218","1,699","5,095"
2005,EUROPE,2005267,Spain,724,"41,07,226","3,533",771
2005,EUROPE,2005269,Austria,40,"11,36,270",,
2005,EUROPE,2005270,Belgium,56,"12,48,733","21,679","32,515"
2005,EUROPE,2005271,France,250,"67,37,600",,
2005,EUROPE,2005272,Germany,276,"94,02,447","34,831","1,18,448"
2005,EUROPE,2005273,Liechtenstein,438,"18,898",284,81
2005,EUROPE,2005274,Luxembourg,442,"1,50,618",213,14
2005,EUROPE,2005275,Monaco,492,"21,312","3,346","6,817"
2005,EUROPE,2005276,Netherlands,528,"17,36,127","4,302",376
2005,EUROPE,2005279,Bermuda,60,"18,276",657,226
2005,EUROPE,2005280,Canada,124,"60,78,985","2,964","4,447"
2005,EUROPE,2005281,Greenland,304,"6,556",60,89
2005,EUROPE,2005282,Saint Pierre and Miquelon,666,"1,147",20,
2005,EUROPE,2005283,United States of America,840,"3,92,58,293","22,48,918","12,540"
2010,Africa,2010024,Burundi,108,"2,35,259","16,897","2,660"
2010,Africa,2010025,Comoros,174,"12,618",761,602
2010,Africa,2010026,Djibouti,262,"1,01,575","4,558","1,518"
2010,Africa,2010027,Eritrea,232,"15,676","1,507",682
2010,Africa,2010028,Ethiopia,231,"5,68,748","19,053","6,351"
2010,Africa,2010029,Kenya,404,"9,54,925","38,516","20,681"
2010,Africa,2010030,Madagascar,450,"28,905","3,445","4,309"
2010,Africa,2010031,Malawi,454,"2,17,722","35,553","11,849"
2010,Africa,2010032,Mauritius,480,"24,836","1,180",159
2010,Africa,2010033,Mayotte,175,"72,757",756,753
2010,Africa,2010034,Mozambique,508,"3,06,471","5,366","16,096"
2010,Africa,2010035,Réunion,638,"1,23,029","7,184","5,011"
2010,Africa,2010036,Rwanda,646,"4,26,901","13,500","2,607"
2010,Africa,2010037,Seychelles,690,"11,420",231,136
2010,Africa,2010038,Somalia,706,"48,106","14,524","7,362"
2010,Africa,2010039,South Sudan,728,"2,57,905","2,564",
2010,Africa,2010040,Uganda,800,"4,92,930","2,438",41
2010,Africa,2010041,United Republic of Tanzania,834,"3,09,847","4,278","2,748"
2010,Africa,2010042,Zambia,894,"1,49,962","17,114","1,665"
2010,Africa,2010043,Zimbabwe,716,"3,98,307","1,06,108","5,557"
2010,Africa,2010045,Angola,24,"3,32,126","2,04,346","68,115"
2010,Africa,2010046,Cameroon,120,"2,91,474","7,612","2,537"
2010,Africa,2010047,Central African Republic,140,"93,466","20,206","6,736"
2010,Africa,2010048,Chad,148,"4,16,924","9,586","1,176"
2010,Africa,2010049,Congo,178,"4,25,173","10,516","3,505"
2010,Africa,2010050,Democratic Republic of the Congo,180,"5,88,950","1,07,006","53,504"
2010,Africa,2010051,Equatorial Guinea,226,"8,658","1,155",507
2010,Africa,2010052,Gabon,266,"2,70,829","5,748","1,357"
2010,Africa,2010053,Sao Tome and Principe,678,"2,700",46,14
2010,Africa,2010055,Botswana,72,"94,614","4,540","1,514"
2010,Africa,2010056,Eswatini,748,"32,637","6,931",662
2010,Africa,2010057,Lesotho,426,"6,414","1,006","1,568"
2010,Africa,2010058,Namibia,516,"1,03,826","1,774",433
2010,Africa,2010059,South Africa,710,"21,14,801","1,37,161","45,721"
2010,Africa,2010061,Benin,204,"3,09,124","30,324","2,294"
2010,Africa,2010062,Burkina Faso,854,"6,74,438","32,427","12,416"
2010,Africa,2010063,Cabo Verde,132,"14,373","1,257",195
2010,Africa,2010064,Côte d'Ivoire,384,"23,66,537","46,284","19,739"
2010,Africa,2010065,Gambia,270,"1,85,763","3,594","1,797"
2010,Africa,2010066,Ghana,288,"3,37,017","12,492","37,473"
2010,Africa,2010067,Guinea,324,"1,77,998","12,187","36,561"
2010,Africa,2010068,Guinea-Bissau,624,"21,061",93,558
2010,Africa,2010069,Liberia,430,"99,129","4,669","1,590"
2010,Africa,2010070,Mali,466,"3,39,375","20,272","6,747"
2010,Africa,2010071,Mauritania,478,"84,679","27,669",56
2010,Africa,2010072,Niger,562,"1,26,464","8,211","1,968"
2010,Africa,2010073,Nigeria,566,"9,88,679","70,265","30,883"
2010,Africa,2010074,Saint Helena,654,248,18,23
2010,Africa,2010075,Senegal,686,"2,56,092","26,146","13,646"
2010,Africa,2010076,Sierra Leone,694,"79,055",228,539
2010,Africa,2010077,Togo,768,"2,55,413","19,438",733
2010,Africa,2010080,Algeria,12,"2,16,964","5,437","1,804"
2010,Africa,2010081,Egypt,818,"3,10,017","4,907","1,635"
2010,Africa,2010082,Libya,434,"6,83,998",,
2010,Africa,2010083,Morocco,504,"70,909","8,607","3,483"
2010,Africa,2010084,Sudan,729,"6,18,709","28,222",
2010,Africa,2010085,Tunisia,788,"43,172","5,459","2,590"
2010,Africa,2010086,Western Sahara,732,"4,493",109,72
2010,Asia,2010088,Armenia,51,"2,11,147","14,900","11,919"
2010,Asia,2010089,Azerbaijan,31,"2,76,901","1,660",830
2010,Asia,2010090,Bahrain,48,"6,57,856","15,597","4,165"
2010,Asia,2010091,Cyprus,196,"1,91,866",481,"1,164"
2010,Asia,2010092,Georgia,268,"73,034","2,145",700
2010,Asia,2010093,Iraq,368,"1,17,389","25,156",639
2010,Asia,2010094,Israel,376,"19,50,615","23,662","5,63,637"
2010,Asia,2010095,Jordan,400,"27,22,983","4,747","1,577"
2010,Asia,2010096,Kuwait,414,"18,71,537","79,598","26,532"
2010,Asia,2010097,Lebanon,422,"8,20,655","1,445",472
2010,Asia,2010098,Oman,512,"8,16,221","24,760","8,361"
2010,Asia,2010099,Qatar,634,"14,56,413","38,758","11,035"
2010,Asia,2010100,Saudi Arabia,682,"84,29,956","2,33,823","49,069"
2010,Asia,2010101,State of Palestine,275,"2,58,032","20,997","2,027"
2010,Asia,2010102,Syrian Arab Republic,760,"17,87,561","1,54,931","16,409"
2010,Asia,2010103,Turkey,792,"13,67,034","1,11,142",732
2010,Asia,2010104,United Arab Emirates,784,"73,16,697","1,75,593","46,838"
2010,Asia,2010105,Yemen,887,"2,88,394","33,082","2,379"
2010,Asia,2010108,Kazakhstan,398,"33,34,937","1,16,120","1,28,342"
2010,Asia,2010109,Kyrgyzstan,417,"2,32,065","2,439","2,559"
2010,Asia,2010110,Tajikistan,762,"2,79,808",209,97
2010,Asia,2010111,Turkmenistan,795,"1,97,979","2,452","1,051"
2010,Asia,2010112,Uzbekistan,860,"12,20,149","56,856","23,192"
2010,Asia,2010114,Afghanistan,4,"1,02,246","21,804","7,268"
2010,Asia,2010115,Bangladesh,50,"13,45,546","87,758","1,57,051"
2010,Asia,2010116,Bhutan,64,"48,420",928,"2,784"
2010,Asia,2010117,India,356,"54,39,758","13,466","2,692"
2010,Asia,2010118,Iran (Islamic Republic of),364,"27,61,561","2,01,873","50,468"
2010,Asia,2010119,Maldives,462,"54,659","3,135",117
2010,Asia,2010120,Nepal,524,"5,78,657","21,956",672
2010,Asia,2010121,Pakistan,586,"39,41,586","2,321",754
2010,Asia,2010122,Sri Lanka,144,"38,959","1,239",530
2010,Asia,2010125,China,156,"8,49,861","1,19,494","23,239"
2010,Asia,2010126,"China, Hong Kong SAR",344,"27,79,950","26,801","4,438"
2010,Asia,2010127,"China, Macao SAR",446,"3,18,506","7,787","23,361"
2010,Asia,2010128,Dem. People's Republic of Korea,408,"44,010","1,310",628
2010,Asia,2010129,Japan,392,"21,34,151","59,194","10,458"
2010,Asia,2010130,Mongolia,496,"16,062",408,143
2010,Asia,2010131,Republic of Korea,410,"9,19,987","31,137","10,751"
2010,Asia,2010133,Brunei Darussalam,96,"1,00,587",755,250
2010,Asia,2010134,Cambodia,116,"81,977","2,267",991
2010,Asia,2010135,Indonesia,360,"3,05,416","5,526","29,537"
2010,Asia,2010136,Lao People's Democratic Republic,418,"32,955","2,688",992
2010,Asia,2010137,Malaysia,458,"24,17,395","1,00,166","74,606"
2010,Asia,2010138,Myanmar,104,"76,414","6,242","3,607"
2010,Asia,2010139,Philippines,608,"2,08,599","41,158","13,808"
2010,Asia,2010140,Singapore,702,"21,64,794","2,11,744","33,615"
2010,Asia,2010141,Thailand,764,"32,24,131",457,294
2010,Asia,2010142,Timor-Leste,626,"11,540","1,221",157
2010,Asia,2010143,Viet Nam,704,"61,756","3,106","1,282"
2010,Caribbean,2010146,Anguilla,660,"5,103","1,176",171
2010,Caribbean,2010147,Antigua and Barbuda,28,"26,412",168,204
2010,Caribbean,2010148,Aruba,533,"34,327",769,768
2010,Caribbean,2010149,Bahamas,44,"54,736",583,347
2010,Caribbean,2010150,Barbados,52,"32,825","10,051","3,350"
2010,Caribbean,2010151,British Virgin Islands,92,"17,074","1,001","1,595"
2010,Caribbean,2010152,"Bonaire, Sint Eustatius and Saba",535,"11,445",446,76
2010,Caribbean,2010153,Cayman Islands,136,"24,057",21,51
2010,Caribbean,2010154,Cuba,192,"6,640",732,248
2010,Caribbean,2010155,Curaçao,531,"34,627",156,363
2010,Caribbean,2010156,Dominica,212,"8,110","1,179",392
2010,Caribbean,2010157,Dominican Republic,214,"3,93,720","2,006","6,018"
2010,Caribbean,2010158,Grenada,308,"6,980",730,"1,479"
2010,Caribbean,2010159,Guadeloupe,312,"94,942","4,254","1,031"
2010,Caribbean,2010160,Haiti,332,"17,178",901,365
2010,Caribbean,2010161,Jamaica,388,"23,677","2,295",229
2010,Caribbean,2010162,Martinique,474,"59,575","1,130",544
2010,Caribbean,2010163,Montserrat,500,"1,291",211,19
2010,Caribbean,2010164,Puerto Rico,630,"3,04,969","12,654","4,384"
2010,Caribbean,2010165,Saint Kitts and Nevis,659,"7,245","2,570","1,244"
2010,Caribbean,2010166,Saint Lucia,662,"9,051",560,40
2010,Caribbean,2010167,Saint Vincent and the Grenadines,670,"4,569",244,43
2010,Caribbean,2010168,Sint Maarten (Dutch part),534,"26,200","1,652",585
2010,Caribbean,2010169,Trinidad and Tobago,780,"48,226","5,465","1,821"
2010,Caribbean,2010170,Turks and Caicos Islands,796,"17,216","1,120","3,162"
2010,Caribbean,2010171,United States Virgin Islands,850,"56,684",917,241
2010,America,2010173,Belize,84,"46,360",291,872
2010,America,2010174,Costa Rica,188,"4,05,404","13,180",516
2010,America,2010175,El Salvador,222,"40,324",92,30
2010,America,2010176,Guatemala,320,"66,384",20,62
2010,America,2010177,Honduras,340,"27,288",81,54
2010,America,2010178,Mexico,484,"9,69,538","2,296",369
2010,America,2010179,Nicaragua,558,"37,333","1,614",183
2010,America,2010180,Panama,591,"1,57,309",461,126
2010,America,2010182,Argentina,32,"18,05,957","26,788","11,480"
2010,America,2010183,Bolivia (Plurinational State of),68,"1,22,846",747,"2,240"
2010,America,2010184,Brazil,76,"5,92,568","4,947",909
2010,America,2010185,Chile,152,"3,75,388",,
2010,America,2010186,Colombia,170,"1,24,271",172,515
2010,America,2010187,Ecuador,218,"3,25,366","41,671","7,354"
2010,America,2010188,Falkland Islands (Malvinas),238,"1,436",21,38
2010,America,2010189,French Guiana,254,"96,288","2,950",925
2010,America,2010190,Guyana,328,"13,126",520,228
2010,America,2010191,Paraguay,600,"1,60,299","2,613","1,270"
2010,America,2010192,Peru,604,"1,04,706",416,846
2010,America,2010193,Suriname,740,"39,713","11,521","4,886"
2010,America,2010194,Uruguay,858,"76,303","1,475","4,433"
2010,America,2010195,Venezuela (Bolivarian Republic of),862,"13,47,347",148,29
2010,Australia / New Zealand,2010198,Australia,36,"58,82,980","16,680","50,040"
2010,Australia / New Zealand,2010199,New Zealand,554,"9,47,443","29,338","9,706"
2010,Melanesia,2010201,Fiji,242,"13,351","1,518",206
2010,Melanesia,2010202,New Caledonia,540,"61,158","3,892","1,851"
2010,Melanesia,2010203,Papua New Guinea,598,"30,425",935,186
2010,Melanesia,2010204,Solomon Islands,90,"2,760",554,58
2010,Melanesia,2010205,Vanuatu,548,"2,991",569,231
2010,Micronesia,2010207,Guam,316,"75,416","1,653",813
2010,Micronesia,2010208,Kiribati,296,"2,868",185,276
2010,Micronesia,2010209,Marshall Islands,584,"3,089",262,78
2010,Micronesia,2010210,Micronesia (Fed. States of),583,"2,806","1,424",410
2010,Micronesia,2010211,Nauru,520,"1,183",417,80
2010,Micronesia,2010212,Northern Mariana Islands,580,"24,168",823,215
2010,Micronesia,2010213,Palau,585,"5,490",104,45
2010,Polynesia,2010215,American Samoa,16,"23,555",423,141
2010,Polynesia,2010216,Cook Islands,184,"3,769",437,232
2010,Polynesia,2010217,French Polynesia,258,"31,640","3,477",575
2010,Polynesia,2010218,Niue,570,589,56,5
2010,Polynesia,2010219,Samoa,882,"5,122",333,118
2010,Polynesia,2010220,Tokelau,772,429,33,1
2010,Polynesia,2010221,Tonga,776,"4,604","1,525","1,784"
2010,Polynesia,2010222,Tuvalu,798,220,55,45
2010,Polynesia,2010223,Wallis and Futuna Islands,876,"1,624",7,18
2010,EUROPE,2010227,Belarus,112,"10,90,378",116,174
2010,EUROPE,2010228,Bulgaria,100,"76,287",351,"1,059"
2010,EUROPE,2010229,Czechia,203,"3,98,493",,
2010,EUROPE,2010230,Hungary,348,"4,36,616","1,439","7,757"
2010,EUROPE,2010231,Poland,616,"6,42,417","5,380","1,781"
2010,EUROPE,2010232,Republic of Moldova,498,"1,29,488",539,"4,356"
2010,EUROPE,2010233,Romania,642,"1,77,211","6,255","10,065"
2010,EUROPE,2010234,Russian Federation,643,"1,11,94,710",532,41
2010,EUROPE,2010235,Slovakia,703,"1,46,319",572,40
2010,EUROPE,2010236,Ukraine,804,"48,18,767","1,48,919","1,90,207"
2010,EUROPE,2010238,Channel Islands,830,"77,581",836,"2,117"
2010,EUROPE,2010239,Denmark,208,"5,00,772",,
2010,EUROPE,2010240,Estonia,233,"2,17,890",12,64
2010,EUROPE,2010241,Faroe Islands,234,"5,096",219,40
2010,EUROPE,2010242,Finland,246,"2,28,481",689,"2,066"
2010,EUROPE,2010243,Iceland,352,"35,091",,
2010,EUROPE,2010244,Ireland,372,"7,30,542",,
2010,EUROPE,2010245,Isle of Man,833,"43,447",704,"1,366"
2010,EUROPE,2010246,Latvia,428,"3,13,786",,
2010,EUROPE,2010247,Lithuania,440,"1,60,772",254,144
2010,EUROPE,2010248,Norway,578,"5,26,799","9,222",601
2010,EUROPE,2010249,Sweden,752,"13,84,929","1,927","91,815"
2010,EUROPE,2010250,United Kingdom,826,"71,19,664","14,039","27,633"
2010,EUROPE,2010252,Albania,8,"52,784","1,152","4,693"
2010,EUROPE,2010253,Andorra,20,"52,053",628,"1,881"
2010,EUROPE,2010254,Bosnia and Herzegovina,70,"38,792",477,474
2010,EUROPE,2010255,Croatia,191,"5,73,248","4,954","14,860"
2010,EUROPE,2010256,Gibraltar,292,"10,369",852,"1,325"
2010,EUROPE,2010257,Greece,300,"13,21,149",,
2010,EUROPE,2010258,Holy See,336,794,315,479
2010,EUROPE,2010259,Italy,380,"57,87,893","17,140","25,711"
2010,EUROPE,2010260,Malta,470,"33,008",665,20
2010,EUROPE,2010261,Montenegro,499,"78,512",254,128
2010,EUROPE,2010262,North Macedonia,807,"1,29,701",852,563
2010,EUROPE,2010263,Portugal,620,"7,62,825","2,274",809
2010,EUROPE,2010264,San Marino,674,"4,880",119,110
2010,EUROPE,2010265,Serbia,688,"8,26,275",581,287
2010,EUROPE,2010266,Slovenia,705,"2,53,786","4,984","14,952"
2010,EUROPE,2010267,Spain,724,"62,80,065",510,"1,530"
2010,EUROPE,2010269,Austria,40,"12,75,992",,
2010,EUROPE,2010270,Belgium,56,"15,03,806","34,954","52,431"
2010,EUROPE,2010271,France,250,"73,09,986",,
2010,EUROPE,2010272,Germany,276,"98,12,263","1,721","99,150"
2010,EUROPE,2010273,Liechtenstein,438,"22,342",528,110
2010,EUROPE,2010274,Luxembourg,442,"1,63,142",234,13
2010,EUROPE,2010275,Monaco,492,"21,132","3,431","6,859"
2010,EUROPE,2010276,Netherlands,528,"18,32,510","4,656",296
2010,EUROPE,2010277,Switzerland,756,"20,75,182","67,100","67,977"
2010,America,2010279,Bermuda,60,"18,884",672,355
2010,America,2010280,Canada,124,"67,61,226","3,966","5,950"
2010,America,2010281,Greenland,304,"6,091",83,124
2010,America,2010282,Saint Pierre and Miquelon,666,"1,017",20,
2010,America,2010283,United States of America,840,"4,41,83,643","20,99,990","11,824"
2015,Africa,2015024,Burundi,108,"2,89,810","23,599","3,242"
2015,Africa,2015025,Comoros,174,"12,555",754,597
2015,Africa,2015026,Djibouti,262,"1,12,351","5,042","1,679"
2015,Africa,2015027,Eritrea,232,"15,941","1,533",693
2015,Africa,2015028,Ethiopia,231,"11,61,642","53,985","17,996"
2015,Africa,2015029,Kenya,404,"11,26,886","51,715","27,769"
2015,Africa,2015030,Madagascar,450,"32,075","3,827","4,785"
2015,Africa,2015031,Malawi,454,"2,32,803","37,781","11,708"
2015,Africa,2015032,Mauritius,480,"28,585","1,361",191
2015,Africa,2015033,Mayotte,175,"73,992",768,765
2015,Africa,2015034,Mozambique,508,"3,21,794","4,636","13,906"
2015,Africa,2015035,Réunion,638,"1,27,209","7,428","5,181"
2015,Africa,2015036,Rwanda,646,"5,14,647","6,267","2,583"
2015,Africa,2015037,Seychelles,690,"12,791",272,152
2015,Africa,2015038,Somalia,706,"40,990","13,713","7,719"
2015,Africa,2015039,South Sudan,728,"8,44,122","2,497",
2015,Africa,2015040,Uganda,800,"8,51,175","2,475",41
2015,Africa,2015041,United Republic of Tanzania,834,"3,84,567","30,803","10,268"
2015,Africa,2015042,Zambia,894,"1,32,107","14,076","1,466"
2015,Africa,2015043,Zimbabwe,716,"4,00,482","1,06,687","5,587"
2015,Africa,2015045,Angola,24,"6,32,178","3,92,283","1,30,760"
2015,Africa,2015046,Cameroon,120,"5,08,346","13,306","4,435"
2015,Africa,2015047,Central African Republic,140,"81,598","17,641","5,881"
2015,Africa,2015048,Chad,148,"4,66,968","10,758","3,586"
2015,Africa,2015049,Congo,178,"3,90,142","6,330","2,109"
2015,Africa,2015050,Democratic Republic of the Congo,180,"8,24,492","22,977","12,128"
2015,Africa,2015051,Equatorial Guinea,226,"2,09,611","2,00,231",634
2015,Africa,2015052,Gabon,266,"3,78,686","8,038","1,897"
2015,Africa,2015053,Sao Tome and Principe,678,"2,394",40,16
2015,Africa,2015055,Botswana,72,"1,03,268","4,972","1,652"
2015,Africa,2015056,Eswatini,748,"32,352","6,933",605
2015,Africa,2015057,Lesotho,426,"6,572","1,032","1,608"
2015,Africa,2015058,Namibia,516,"1,01,618","1,736",423
2015,Africa,2015059,South Africa,710,"38,16,695","8,19,674","2,73,235"
2015,Africa,2015061,Benin,204,"3,66,284","36,244","2,744"
2015,Africa,2015062,Burkina Faso,854,"7,04,676","33,351","12,983"
2015,Africa,2015063,Cabo Verde,132,"14,924","1,306",202
2015,Africa,2015064,Côte d'Ivoire,384,"24,67,984","48,289","20,585"
2015,Africa,2015065,Gambia,270,"1,92,540","3,723","1,862"
2015,Africa,2015066,Ghana,288,"4,14,744","15,379","46,135"
2015,Africa,2015067,Guinea,324,"1,26,386","6,967","2,987"
2015,Africa,2015068,Guinea-Bissau,624,"22,333",99,592
2015,Africa,2015069,Liberia,430,"1,13,779","5,579","1,824"
2015,Africa,2015070,Mali,466,"4,20,504","25,149","8,359"
2015,Africa,2015071,Mauritania,478,"1,66,552","5,358",56
2015,Africa,2015072,Niger,562,"2,52,998","8,758","2,920"
2015,Africa,2015073,Nigeria,566,"11,99,115","85,216","37,457"
2015,Africa,2015074,Saint Helena,654,377,29,35
2015,Africa,2015075,Senegal,686,"2,66,496","28,388","14,581"
2015,Africa,2015076,Sierra Leone,694,"58,813",222,691
2015,Africa,2015077,Togo,768,"2,77,384","21,045",492
2015,Africa,2015080,Algeria,12,"2,39,473","6,011","1,991"
2015,Africa,2015081,Egypt,818,"3,53,641","13,110","4,369"
2015,Africa,2015082,Libya,434,"7,71,146",,
2015,Africa,2015083,Morocco,504,"92,424","11,229","4,539"
2015,Africa,2015084,Sudan,729,"6,20,523","21,805",
2015,Africa,2015085,Tunisia,788,"56,532","7,594","3,358"
2015,Africa,2015086,Western Sahara,732,"5,179",124,88
2015,Asia,2015088,Armenia,51,"1,91,199","11,022","8,882"
2015,Asia,2015089,Azerbaijan,31,"2,64,241","1,660",830
2015,Asia,2015090,Bahrain,48,"7,04,137","5,435","2,329"
2015,Asia,2015091,Cyprus,196,"1,92,020","1,936",645
2015,Asia,2015092,Georgia,268,"76,685","2,278",734
2015,Asia,2015093,Iraq,368,"3,59,381","25,223",641
2015,Asia,2015094,Israel,376,"20,11,727","24,403","5,81,297"
2015,Asia,2015095,Jordan,400,"31,12,026","15,793","5,264"
2015,Asia,2015096,Kuwait,414,"28,66,136","85,873","28,624"
2015,Asia,2015097,Lebanon,422,"19,73,204","1,227",397
2015,Asia,2015098,Oman,512,"18,56,226","56,318","19,014"
2015,Asia,2015099,Qatar,634,"16,87,640","22,850","9,793"
2015,Asia,2015100,Saudi Arabia,682,"1,07,71,366","3,00,339","62,698"
2015,Asia,2015101,State of Palestine,275,"2,55,507","20,792","2,007"
2015,Asia,2015102,Syrian Arab Republic,760,"8,71,174","60,692","6,428"
2015,Asia,2015103,Turkey,792,"43,46,197","1,27,895","24,001"
2015,Asia,2015104,United Arab Emirates,784,"79,95,126","1,91,891","51,180"
2015,Asia,2015105,Yemen,887,"3,79,882","30,075","4,281"
2015,Asia,2015108,Kazakhstan,398,"35,46,060","1,23,008","1,35,955"
2015,Asia,2015109,Kyrgyzstan,417,"2,04,382","2,148","2,253"
2015,Asia,2015110,Tajikistan,762,"2,75,101",205,95
2015,Asia,2015111,Turkmenistan,795,"1,96,376","2,858","1,226"
2015,Asia,2015112,Uzbekistan,860,"11,70,873","54,578","22,287"
2015,Asia,2015114,Afghanistan,4,"4,89,749","94,199","31,399"
2015,Asia,2015115,Bangladesh,50,"14,22,805","1,00,567","1,84,104"
2015,Asia,2015116,Bhutan,64,"51,106",979,"2,938"
2015,Asia,2015117,India,356,"52,40,960","12,973","2,593"
2015,Asia,2015118,Iran (Islamic Republic of),364,"27,26,420","1,92,329","49,963"
2015,Asia,2015119,Maldives,462,"64,273","4,078",137
2015,Asia,2015120,Nepal,524,"5,09,471","12,113",656
2015,Asia,2015121,Pakistan,586,"35,06,520","60,445","20,148"
2015,Asia,2015122,Sri Lanka,144,"39,706","1,389",539
2015,Asia,2015125,China,156,"9,78,046","1,37,515","26,744"
2015,Asia,2015126,"China, Hong Kong SAR",344,"28,38,665","27,367","4,532"
2015,Asia,2015127,"China, Macao SAR",446,"3,76,066","10,837","32,512"
2015,Asia,2015128,Dem. People's Republic of Korea,408,"48,458","1,442",691
2015,Asia,2015129,Japan,392,"22,32,189","1,36,333","19,325"
2015,Asia,2015130,Mongolia,496,"19,886",505,177
2015,Asia,2015131,Republic of Korea,410,"11,43,087","38,687","13,374"
2015,Asia,2015133,Brunei Darussalam,96,"1,02,733",771,255
2015,Asia,2015134,Cambodia,116,"73,963","2,045",894
2015,Asia,2015135,Indonesia,360,"3,38,124","6,126","32,701"
2015,Asia,2015136,Lao People's Democratic Republic,418,"45,538","2,514",925
2015,Asia,2015137,Malaysia,458,"32,80,681","1,28,544","90,980"
2015,Asia,2015138,Myanmar,104,"73,309","5,989","3,460"
2015,Asia,2015139,Philippines,608,"2,11,862","41,895","14,024"
2015,Asia,2015140,Singapore,702,"25,43,638","2,41,811","40,801"
2015,Asia,2015141,Thailand,764,"34,86,526",514,317
2015,Asia,2015142,Timor-Leste,626,"8,520","1,030",128
2015,Asia,2015143,Viet Nam,704,"72,793","3,755","1,548"
2015,Caribbean,2015146,Anguilla,660,"5,470","1,265",183
2015,Caribbean,2015147,Antigua and Barbuda,28,"28,083",179,216
2015,Caribbean,2015148,Aruba,533,"36,114",809,809
2015,Caribbean,2015149,Bahamas,44,"59,306",632,376
2015,Caribbean,2015150,Barbados,52,"34,475","10,559","3,519"
2015,Caribbean,2015151,British Virgin Islands,92,"19,132","1,132","1,787"
2015,Caribbean,2015152,"Bonaire, Sint Eustatius and Saba",535,"13,002",507,86
2015,Caribbean,2015153,Cayman Islands,136,"26,177",23,55
2015,Caribbean,2015154,Cuba,192,"5,312",602,198
2015,Caribbean,2015155,Curaçao,531,"37,611",170,394
2015,Caribbean,2015156,Dominica,212,"8,093","1,199",399
2015,Caribbean,2015157,Dominican Republic,214,"5,49,289","2,117","6,351"
2015,Caribbean,2015158,Grenada,308,"7,057",738,"1,496"
2015,Caribbean,2015159,Guadeloupe,312,"98,507","4,415","1,070"
2015,Caribbean,2015160,Haiti,332,"18,036",957,383
2015,Caribbean,2015161,Jamaica,388,"23,167","2,246",224
2015,Caribbean,2015162,Martinique,474,"61,731","1,170",563
2015,Caribbean,2015163,Montserrat,500,"1,351",220,19
2015,Caribbean,2015164,Puerto Rico,630,"2,80,494","16,068","5,356"
2015,Caribbean,2015165,Saint Kitts and Nevis,659,"7,443","2,643","1,279"
2015,Caribbean,2015166,Saint Lucia,662,"8,673",554,48
2015,Caribbean,2015167,Saint Vincent and the Grenadines,670,"4,637",248,43
2015,Caribbean,2015168,Sint Maarten (Dutch part),534,"27,295","1,720",609
2015,Caribbean,2015169,Trinidad and Tobago,780,"50,021","5,527","1,869"
2015,Caribbean,2015170,Turks and Caicos Islands,796,"22,719","1,305","3,654"
2015,Caribbean,2015171,United States Virgin Islands,850,"56,721",926,241
2015,America,2015173,Belize,84,"54,674",351,"1,028"
2015,America,2015174,Costa Rica,188,"4,11,697","13,384",564
2015,America,2015175,El Salvador,222,"42,045",96,31
2015,America,2015176,Guatemala,320,"78,352","2,023",71
2015,America,2015177,Honduras,340,"38,317",134,76
2015,America,2015178,Mexico,484,"10,28,803","16,080","5,360"
2015,America,2015179,Nicaragua,558,"40,262","1,726",191
2015,America,2015180,Panama,591,"1,84,710",502,147
2015,America,2015182,Argentina,32,"20,86,302","30,910","13,247"
2015,America,2015183,Bolivia (Plurinational State of),68,"1,42,989",870,"2,608"
2015,America,2015184,Brazil,76,"7,16,568","15,957","1,095"
2015,America,2015185,Chile,152,"6,39,724",,
2015,America,2015186,Colombia,170,"1,39,134",239,576
2015,America,2015187,Ecuador,218,"3,87,513","60,613","10,696"
2015,America,2015188,Falkland Islands (Malvinas),238,"1,571",23,42
2015,America,2015189,French Guiana,254,"1,06,108","1,783",557
2015,America,2015190,Guyana,328,"15,384",610,267
2015,America,2015191,Paraguay,600,"1,56,462","2,559","1,239"
2015,America,2015192,Peru,604,"1,54,774","1,095",899
2015,America,2015193,Suriname,740,"43,127","12,513","5,306"
2015,America,2015194,Uruguay,858,"78,799","1,523","4,585"
2015,America,2015195,Venezuela (Bolivarian Republic of),862,"14,04,448",158,34
2015,Australia / New Zealand,2015198,Australia,36,"67,29,730","22,508","67,522"
2015,Australia / New Zealand,2015199,New Zealand,554,"10,39,736","31,268","9,753"
2015,Melanesia,2015201,Fiji,242,"13,751","1,564",212
2015,Melanesia,2015202,New Caledonia,540,"68,881","2,991","1,422"
2015,Melanesia,2015203,Papua New Guinea,598,"30,940",921,188
2015,Melanesia,2015204,Solomon Islands,90,"2,585",526,54
2015,Melanesia,2015205,Vanuatu,548,"3,187",667,242
2015,Micronesia,2015207,Guam,316,"76,089","1,667",820
2015,Micronesia,2015208,Kiribati,296,"2,919",190,285
2015,Micronesia,2015209,Marshall Islands,584,"3,284",278,82
2015,Micronesia,2015210,Micronesia (Fed. States of),583,"2,756","1,394",402
2015,Micronesia,2015211,Nauru,520,"1,890",660,126
2015,Micronesia,2015212,Northern Mariana Islands,580,"21,648",740,193
2015,Micronesia,2015213,Palau,585,"4,937",93,44
2015,Polynesia,2015215,American Samoa,16,"23,513",429,140
2015,Polynesia,2015216,Cook Islands,184,"3,477",409,214
2015,Polynesia,2015217,French Polynesia,258,"30,058","3,304",546
2015,Polynesia,2015218,Niue,570,588,55,4
2015,Polynesia,2015219,Samoa,882,"4,252",279,95
2015,Polynesia,2015220,Tokelau,772,487,36,1
2015,Polynesia,2015221,Tonga,776,"3,954","1,313","1,532"
2015,Polynesia,2015222,Tuvalu,798,230,58,47
2015,Polynesia,2015223,Wallis and Futuna Islands,876,"1,052",2,5
2015,EUROPE,2015227,Belarus,112,"10,82,905",124,187
2015,EUROPE,2015228,Bulgaria,100,"1,23,803",116,348
2015,EUROPE,2015229,Czechia,203,"4,16,454",,
2015,EUROPE,2015230,Hungary,348,"4,75,508","5,953","13,888"
2015,EUROPE,2015231,Poland,616,"6,19,403","5,481","1,777"
2015,EUROPE,2015232,Republic of Moldova,498,"1,06,374",611,"4,501"
2015,EUROPE,2015233,Romania,642,"2,81,048","4,424","7,431"
2015,EUROPE,2015234,Russian Federation,643,"1,16,43,276",578,47
2015,EUROPE,2015235,Slovakia,703,"1,77,624",499,20
2015,EUROPE,2015236,Ukraine,804,"49,15,142","1,05,251","3,14,055"
2015,EUROPE,2015238,Channel Islands,830,"82,307",887,"2,246"
2015,EUROPE,2015239,Denmark,208,"5,95,876",,
2015,EUROPE,2015240,Estonia,233,"1,94,664",6,30
2015,EUROPE,2015241,Faroe Islands,234,"5,485",183,116
2015,EUROPE,2015242,Finland,246,"3,14,856",561,"1,681"
2015,EUROPE,2015243,Iceland,352,"39,072",177,355
2015,EUROPE,2015244,Ireland,372,"7,59,256",,
2015,EUROPE,2015245,Isle of Man,833,"42,238","1,875","3,636"
2015,EUROPE,2015246,Latvia,428,"2,65,418",,
2015,EUROPE,2015247,Lithuania,440,"1,36,021",242,136
2015,EUROPE,2015248,Norway,578,"7,46,375","10,248",540
2015,EUROPE,2015249,Sweden,752,"16,76,264","2,557","91,291"
2015,EUROPE,2015250,United Kingdom,826,"84,11,569","17,953","35,338"
2015,EUROPE,2015252,Albania,8,"52,031","1,139","4,626"
2015,EUROPE,2015253,Andorra,20,"42,264",622,"1,864"
2015,EUROPE,2015254,Bosnia and Herzegovina,70,"38,574",482,471
2015,EUROPE,2015255,Croatia,191,"5,61,093","1,287","3,862"
2015,EUROPE,2015256,Gibraltar,292,"11,065",909,"1,415"
2015,EUROPE,2015257,Greece,300,"12,42,924",,
2015,EUROPE,2015258,Holy See,336,803,318,485
2015,EUROPE,2015259,Italy,380,"58,05,328","18,956","28,436"
2015,EUROPE,2015260,Malta,470,"52,642","2,349",33
2015,EUROPE,2015261,Montenegro,499,"71,719",685,288
2015,EUROPE,2015262,North Macedonia,807,"1,30,730",919,609
2015,EUROPE,2015263,Portugal,620,"8,64,814","2,577",984
2015,EUROPE,2015264,San Marino,674,"5,195",152,136
2015,EUROPE,2015265,Serbia,688,"8,07,441",559,105
2015,EUROPE,2015266,Slovenia,705,"2,37,616","3,029","9,086"
2015,EUROPE,2015267,Spain,724,"58,91,208","3,795","11,383"
2015,EUROPE,2015269,Austria,40,"14,92,374",,
2015,EUROPE,2015270,Belgium,56,"17,83,488","43,636","65,454"
2015,EUROPE,2015271,France,250,"78,74,172",,
2015,EUROPE,2015272,Germany,276,"1,02,20,418","1,725","99,868"
2015,EUROPE,2015273,Liechtenstein,438,"23,799",380,401
2015,EUROPE,2015274,Luxembourg,442,"2,48,888",356,19
2015,EUROPE,2015275,Monaco,492,"25,983","3,263","9,268"
2015,EUROPE,2015276,Netherlands,528,"19,96,318","5,021",419
2015,EUROPE,2015277,Switzerland,756,"24,16,394","40,858","1,04,043"
2015,America,2015279,Bermuda,60,"19,126",681,359
2015,America,2015280,Canada,124,"74,28,657",964,"2,834"
2015,America,2015281,Greenland,304,"5,797",109,163
2015,America,2015282,Saint Pierre and Miquelon,666,986,19,
2015,America,2015283,United States of America,840,"4,81,78,877","23,91,790","11,512"
2019,Africa,2019024,Burundi,108,"3,21,018","26,143","3,591"
2019,Africa,2019025,Comoros,174,"12,504",754,594
2019,Africa,2019026,Djibouti,262,"1,15,341","5,178","1,723"
2019,Africa,2019027,Eritrea,232,"16,101","1,693",565
2019,Africa,2019028,Ethiopia,231,"12,53,083","20,738","6,913"
2019,Africa,2019029,Kenya,404,"10,44,854","47,950","25,747"
2019,Africa,2019030,Madagascar,450,"34,934","4,168","5,211"
2019,Africa,2019031,Malawi,454,"2,47,652","38,330","11,878"
2019,Africa,2019032,Mauritius,480,"28,849","1,373",192
2019,Africa,2019033,Mayotte,175,"74,643",774,771
2019,Africa,2019034,Mozambique,508,"3,34,665","4,214","12,642"
2019,Africa,2019035,Réunion,638,"1,29,153","7,544","5,260"
2019,Africa,2019036,Rwanda,646,"5,39,932","6,576","2,709"
2019,Africa,2019037,Seychelles,690,"12,926",287,153
2019,Africa,2019038,Somalia,706,"52,131","16,440","9,252"
2019,Africa,2019039,South Sudan,728,"8,65,552","2,568",
2019,Africa,2019040,Uganda,800,"17,34,166","2,494",41
2019,Africa,2019041,United Republic of Tanzania,834,"5,09,166","27,623","9,208"
2019,Africa,2019042,Zambia,894,"1,70,249","17,655","1,889"
2019,Africa,2019043,Zimbabwe,716,"4,11,257","1,09,561","5,737"
2019,Africa,2019045,Angola,24,"6,69,479","3,83,658","1,27,885"
2019,Africa,2019046,Cameroon,120,"5,05,692","10,296","3,432"
2019,Africa,2019047,Central African Republic,140,"90,649","19,597","6,533"
2019,Africa,2019048,Chad,148,"5,12,230","11,806","3,935"
2019,Africa,2019049,Congo,178,"4,02,142","6,532","2,177"
2019,Africa,2019050,Democratic Republic of the Congo,180,"9,63,833","22,221","11,729"
2019,Africa,2019051,Equatorial Guinea,226,"2,27,617","1,74,400","43,600"
2019,Africa,2019052,Gabon,266,"4,11,463","8,762","2,061"
2019,Africa,2019053,Sao Tome and Principe,678,"2,174",36,17
2019,Africa,2019055,Botswana,72,"1,10,596","5,340","1,769"
2019,Africa,2019056,Eswatini,748,"32,310","6,607",614
2019,Africa,2019057,Lesotho,426,"6,928","1,097","1,695"
2019,Africa,2019058,Namibia,516,"1,07,561","1,837",447
2019,Africa,2019059,South Africa,710,"42,24,256","8,78,465","2,92,826"
2019,Africa,2019061,Benin,204,"3,90,112","38,607","2,922"
2019,Africa,2019062,Burkina Faso,854,"7,18,338","34,404","13,388"
2019,Africa,2019063,Cabo Verde,132,"15,664","1,384",212
2019,Africa,2019064,Côte d'Ivoire,384,"25,49,141","49,895","21,261"
2019,Africa,2019065,Gambia,270,"2,15,406","4,170","2,083"
2019,Africa,2019066,Ghana,288,"4,66,780","17,314","51,941"
2019,Africa,2019067,Guinea,324,"1,20,642","6,713","2,877"
2019,Africa,2019068,Guinea-Bissau,624,"26,916","1,102",649
2019,Africa,2019069,Liberia,430,"94,448","6,009","2,255"
2019,Africa,2019070,Mali,466,"4,68,230","12,739","9,307"
2019,Africa,2019071,Mauritania,478,"1,72,987","5,318",79
2019,Africa,2019072,Niger,562,"2,94,161","9,924","3,308"
2019,Africa,2019073,Nigeria,566,"12,56,408","89,294","39,246"
2019,Africa,2019074,Saint Helena,654,433,32,41
2019,Africa,2019075,Senegal,686,"2,75,239","29,327","15,061"
2019,Africa,2019076,Sierra Leone,694,"54,332",219,672
2019,Africa,2019077,Togo,768,"2,79,142","21,178",495
2019,Africa,2019080,Algeria,12,"2,49,075","6,265","2,070"
2019,Africa,2019081,Egypt,818,"5,04,053","18,732","6,243"
2019,Africa,2019082,Libya,434,"8,18,216",,
2019,Africa,2019083,Morocco,504,"98,574","11,976","4,841"
2019,Africa,2019084,Sudan,729,"12,23,092","26,895",
2019,Africa,2019085,Tunisia,788,"57,455","7,727","3,412"
2019,Africa,2019086,Western Sahara,732,"5,384",133,91
2019,Asia,2019088,Armenia,51,"1,90,159","10,962","8,833"
2019,Asia,2019089,Azerbaijan,31,"2,53,887","1,637",797
2019,Asia,2019090,Bahrain,48,"7,41,161","5,736","2,451"
2019,Asia,2019091,Cyprus,196,"1,91,922","2,024",674
2019,Asia,2019092,Georgia,268,"79,035","2,347",756
2019,Asia,2019093,Iraq,368,"3,68,062","25,844",656
2019,Asia,2019094,Israel,376,"19,56,346","23,762","5,65,294"
2019,Asia,2019095,Jordan,400,"33,46,703","17,017","5,672"
2019,Asia,2019096,Kuwait,414,"30,34,845","90,941","30,313"
2019,Asia,2019097,Lebanon,422,"18,63,873","1,172",375
2019,Asia,2019098,Oman,512,"22,86,226","69,373","23,418"
2019,Asia,2019099,Qatar,634,"22,29,688","23,327","9,988"
2019,Asia,2019100,Saudi Arabia,682,"1,31,22,338","3,65,891","76,391"
2019,Asia,2019101,State of Palestine,275,"2,53,735","20,656","1,993"
2019,Asia,2019102,Syrian Arab Republic,760,"8,67,848","60,460","6,403"
2019,Asia,2019103,Turkey,792,"58,76,829","1,05,253","32,453"
2019,Asia,2019104,United Arab Emirates,784,"85,87,256","2,06,102","54,970"
2019,Asia,2019105,Yemen,887,"3,85,628","30,529","4,350"
2019,Asia,2019108,Kazakhstan,398,"37,05,556","1,28,539","1,42,068"
2019,Asia,2019109,Kyrgyzstan,417,"2,00,260","2,104","2,207"
2019,Asia,2019110,Tajikistan,762,"2,74,071",204,94
2019,Asia,2019111,Turkmenistan,795,"1,95,127","2,853","1,224"
2019,Asia,2019112,Uzbekistan,860,"11,68,384","54,468","22,239"
2019,Asia,2019114,Afghanistan,4,"1,49,762","28,808","9,601"
2019,Asia,2019115,Bangladesh,50,"21,85,613","1,46,658","1,88,806"
2019,Asia,2019116,Bhutan,64,"53,254","1,016","3,061"
2019,Asia,2019117,India,356,"51,54,737","12,116","2,421"
2019,Asia,2019118,Iran (Islamic Republic of),364,"26,82,214","1,89,215","49,152"
2019,Asia,2019119,Maldives,462,"69,249","4,393",147
2019,Asia,2019120,Nepal,524,"4,90,802","11,669",631
2019,Asia,2019121,Pakistan,586,"32,57,978","56,163","18,721"
2019,Asia,2019122,Sri Lanka,144,"40,018","1,422",543
2019,Asia,2019125,China,156,"10,30,871","1,44,940","28,199"
2019,Asia,2019126,"China, Hong Kong SAR",344,"29,42,254","17,612","5,871"
2019,Asia,2019127,"China, Macao SAR",446,"3,99,572","11,514","34,544"
2019,Asia,2019128,Dem. People's Republic of Korea,408,"49,393","1,481",704
2019,Asia,2019129,Japan,392,"24,98,891","1,62,440","23,024"
2019,Asia,2019130,Mongolia,496,"21,128",536,188
2019,Asia,2019131,Republic of Korea,410,"11,63,655","39,383","13,630"
2019,Asia,2019133,Brunei Darussalam,96,"1,10,641",842,274
2019,Asia,2019134,Cambodia,116,"78,649","2,190",950
2019,Asia,2019135,Indonesia,360,"3,53,135","6,410","34,152"
2019,Asia,2019136,Lao People's Democratic Republic,418,"48,275","2,668",980
2019,Asia,2019137,Malaysia,458,"34,30,380","1,34,409","95,131"
2019,Asia,2019138,Myanmar,104,"75,998","6,208","3,586"
2019,Asia,2019139,Philippines,608,"2,18,530","43,213","14,511"
2019,Asia,2019140,Singapore,702,"21,55,653","2,04,927","34,577"
2019,Asia,2019141,Thailand,764,"36,35,085",555,330
2019,Asia,2019142,Timor-Leste,626,"8,417","1,017",132
2019,Asia,2019143,Viet Nam,704,"76,104","3,925","1,630"
2019,Caribbean,2019146,Anguilla,660,"5,679","1,320",189
2019,Caribbean,2019147,Antigua and Barbuda,28,"29,207",327,108
2019,Caribbean,2019148,Aruba,533,"36,532",823,823
2019,Caribbean,2019149,Bahamas,44,"62,962",834,278
2019,Caribbean,2019150,Barbados,52,"34,807","4,311","9,913"
2019,Caribbean,2019151,British Virgin Islands,92,"20,778","1,241","1,940"
2019,Caribbean,2019152,"Bonaire, Sint Eustatius and Saba",535,"15,484",621,102
2019,Caribbean,2019153,Cayman Islands,136,"28,985",57,60
2019,Caribbean,2019154,Cuba,192,"4,886",573,182
2019,Caribbean,2019155,Curaçao,531,"40,883",206,428
2019,Caribbean,2019156,Dominica,212,"8,264","1,236",412
2019,Caribbean,2019157,Dominican Republic,214,"5,67,648","2,184","6,563"
2019,Caribbean,2019158,Grenada,308,"7,124",751,"1,510"
2019,Caribbean,2019159,Guadeloupe,312,"1,00,030","4,483","1,099"
2019,Caribbean,2019160,Haiti,332,"18,756","1,004",398
2019,Caribbean,2019161,Jamaica,388,"23,468","2,275",226
2019,Caribbean,2019162,Martinique,474,"61,647","1,168",562
2019,Caribbean,2019163,Montserrat,500,"1,375",223,19
2019,Caribbean,2019164,Puerto Rico,630,"2,66,828","15,291","5,120"
2019,Caribbean,2019165,Saint Kitts and Nevis,659,"7,587","2,694","1,311"
2019,Caribbean,2019166,Saint Lucia,662,"8,383",535,56
2019,Caribbean,2019167,Saint Vincent and the Grenadines,670,"4,692",249,51
2019,Caribbean,2019168,Sint Maarten (Dutch part),534,"28,260","1,780",648
2019,Caribbean,2019169,Trinidad and Tobago,780,"59,249","5,113","2,012"
2019,Caribbean,2019170,Turks and Caicos Islands,796,"24,534","1,414","3,945"
2019,Caribbean,2019171,United States Virgin Islands,850,"56,745",933,241
2019,America,2019173,Belize,84,"59,998",393,"1,128"
2019,America,2019174,Costa Rica,188,"4,17,768","13,586",607
2019,America,2019175,El Salvador,222,"42,617",120,31
2019,America,2019176,Guatemala,320,"80,421","2,104",72
2019,America,2019177,Honduras,340,"38,933",157,77
2019,America,2019178,Mexico,484,"10,60,707","16,623","5,526"
2019,America,2019179,Nicaragua,558,"42,172","1,807",200
2019,America,2019180,Panama,591,"1,85,072",792,196
2019,America,2019182,Argentina,32,"22,12,879","31,446","13,479"
2019,America,2019183,Bolivia (Plurinational State of),68,"1,56,114","1,012","2,847"
2019,America,2019184,Brazil,76,"8,07,006","17,970","1,314"
2019,America,2019185,Chile,152,"9,39,992",,
2019,America,2019186,Colombia,170,"11,42,319","1,494",497
2019,America,2019187,Ecuador,218,"3,81,507","59,673","10,530"
2019,America,2019188,Falkland Islands (Malvinas),238,"1,902",32,50
2019,America,2019189,French Guiana,254,"1,17,372","1,972",616
2019,America,2019190,Guyana,328,"15,699",631,272
2019,America,2019191,Paraguay,600,"1,60,519","2,634","1,271"
2019,America,2019192,Peru,604,"7,82,169","1,591","1,255"
2019,America,2019193,Suriname,740,"46,157","13,395","5,678"
2019,America,2019194,Uruguay,858,"81,482","1,574","4,749"
2019,America,2019195,Venezuela (Bolivarian Republic of),862,"13,75,690",209,33
2019,Australia / New Zealand,2019198,Australia,36,"75,49,270","24,352","73,055"
2019,Australia / New Zealand,2019199,New Zealand,554,"10,68,739","32,140","10,025"
2019,Melanesia,2019201,Fiji,242,"14,038","1,604",216
2019,Melanesia,2019202,New Caledonia,540,"72,537","3,149","1,497"
2019,Melanesia,2019203,Papua New Guinea,598,"31,212",938,189
2019,Melanesia,2019204,Solomon Islands,90,"2,532",515,61
2019,Melanesia,2019205,Vanuatu,548,"3,245",679,251
2019,Micronesia,2019207,Guam,316,"79,846","1,749",860
2019,Micronesia,2019208,Kiribati,296,"3,022",196,295
2019,Micronesia,2019209,Marshall Islands,584,"3,296",279,82
2019,Micronesia,2019210,Micronesia (Fed. States of),583,"2,819","1,432",411
2019,Micronesia,2019211,Nauru,520,"2,114",735,140
2019,Micronesia,2019212,Northern Mariana Islands,580,"21,815",752,194
2019,Micronesia,2019213,Palau,585,"5,066",95,45
2019,Polynesia,2019215,American Samoa,16,"23,539",434,140
2019,Polynesia,2019216,Cook Islands,184,"3,491",414,214
2019,Polynesia,2019217,French Polynesia,258,"31,205","3,430",566
2019,Polynesia,2019218,Niue,570,588,55,4
2019,Polynesia,2019219,Samoa,882,"4,035",280,90
2019,Polynesia,2019220,Tokelau,772,504,37,3
2019,Polynesia,2019221,Tonga,776,"3,752","1,249","1,453"
2019,Polynesia,2019222,Tuvalu,798,238,60,48
2019,Polynesia,2019223,Wallis and Futuna Islands,876,"1,022",6,5
2019,EUROPE,2019227,Belarus,112,"10,69,395",122,184
2019,EUROPE,2019228,Bulgaria,100,"1,68,516",645,"1,934"
2019,EUROPE,2019229,Czechia,203,"5,12,705",,
2019,EUROPE,2019230,Hungary,348,"5,12,043","5,918","13,811"
2019,EUROPE,2019231,Poland,616,"6,55,985","5,730","1,908"
2019,EUROPE,2019232,Republic of Moldova,498,"1,04,713",611,"4,430"
2019,EUROPE,2019233,Romania,642,"4,62,552","7,047","9,523"
2019,EUROPE,2019234,Russian Federation,643,"1,16,40,559",619,46
2019,EUROPE,2019235,Slovakia,703,"1,87,984",635,28
2019,EUROPE,2019236,Ukraine,804,"49,64,293","1,06,307","3,17,205"
2019,EUROPE,2019238,Channel Islands,830,"83,833",905,"2,289"
2019,EUROPE,2019239,Denmark,208,"7,22,878",,
2019,EUROPE,2019240,Estonia,233,"1,90,242",5,29
2019,EUROPE,2019241,Faroe Islands,234,"6,454",246,164
2019,EUROPE,2019242,Finland,246,"3,83,116",525,"1,575"
2019,EUROPE,2019243,Iceland,352,"52,404",375,750
2019,EUROPE,2019244,Ireland,372,"8,33,564",,
2019,EUROPE,2019245,Isle of Man,833,"42,864","1,908","3,689"
2019,EUROPE,2019246,Latvia,428,"2,37,266",,
2019,EUROPE,2019247,Lithuania,440,"1,17,218",208,117
2019,EUROPE,2019248,Norway,578,"8,67,765","11,229",591
2019,EUROPE,2019249,Sweden,752,"20,05,210","3,597","90,877"
2019,EUROPE,2019250,United Kingdom,826,"95,52,110","20,387","40,130"
2019,EUROPE,2019252,Albania,8,"49,160","1,079","4,370"
2019,EUROPE,2019253,Andorra,20,"45,102",666,"1,996"
2019,EUROPE,2019254,Bosnia and Herzegovina,70,"35,735",446,436
2019,EUROPE,2019255,Croatia,191,"5,18,083","1,197","3,594"
2019,EUROPE,2019256,Gibraltar,292,"11,172",917,"1,428"
2019,EUROPE,2019257,Greece,300,"12,11,382",,
2019,EUROPE,2019258,Holy See,336,799,316,483
2019,EUROPE,2019259,Italy,380,"62,73,722","18,078","27,119"
2019,EUROPE,2019260,Malta,470,"84,949","3,790",53
2019,EUROPE,2019261,Montenegro,499,"70,967",687,288
2019,EUROPE,2019262,North Macedonia,807,"1,31,175",929,611
2019,EUROPE,2019263,Portugal,620,"8,88,162","2,620","1,000"
2019,EUROPE,2019264,San Marino,674,"5,507",166,144
2019,EUROPE,2019265,Serbia,688,"8,20,312",609,106
2019,EUROPE,2019266,Slovenia,705,"2,53,122","6,167","18,500"
2019,EUROPE,2019267,Spain,724,"61,04,203","3,932","11,794"
2019,EUROPE,2019269,Austria,40,"17,79,857",,
2019,EUROPE,2019270,Belgium,56,"19,81,919","46,050","69,075"
2019,EUROPE,2019271,France,250,"83,34,875",,
2019,EUROPE,2019272,Germany,276,"1,31,32,146","1,892","1,09,530"
2019,EUROPE,2019273,Liechtenstein,438,"25,467",430,429
2019,EUROPE,2019274,Luxembourg,442,"2,91,723",70,17
2019,EUROPE,2019275,Monaco,492,"26,511","3,331","9,456"
2019,EUROPE,2019276,Netherlands,528,"22,82,791","5,776",464
2019,EUROPE,2019277,Switzerland,756,"25,72,029","45,041","1,18,766"
2019,America,2019279,Bermuda,60,"19,336",694,375
2019,America,2019280,Canada,124,"79,60,657","1,055","3,115"
2019,America,2019281,Greenland,304,"5,690",108,159
2019,America,2019282,Saint Pierre and Miquelon,666,990,21,
2019,America,2019283,United States of America,840,"5,06,61,149","25,82,909","12,499"
